order_time,trading_date,account_id,strategy_name,instrument_id,strategy_order_id,system_order_id,entrust_no,option_direction,open_close,long_short,entrust_amount,entrust_price,business_amount,business_price,entrust_status
92503000,,30200141831,D_30200141831,128027.SZ,202,111617,SZDDF0_0302_SZ_437,,开仓,买入,340,143.132000,0,0.000000,未成交
92503000,,30200141831,D_30200141831,128027.SZ,202,111617,SZDDF0_0302_SZ_437,,开仓,买入,340,143.132000,6,143.132000,部分成交
92503000,,30200141831,D_30200141831,128027.SZ,202,111617,SZDDF0_0302_SZ_4431,,开仓,买入,340,143.132000,0,0.000000,未成交
92503000,,30200141831,D_30200141831,128027.SZ,202,111617,SZDDF0_0302_SZ_437,,开仓,买入,340,143.132000,6,143.132000,已撤单
93009000,,30200141831,D_30200141831,128027.SZ,203,111618,SZDDF0_0302_SZ_4750,,开仓,买入,330,143.569000,0,0.000000,未成交
93009000,,30200141831,D_30200141831,128027.SZ,203,111618,SZDDF0_0302_SZ_8397,,开仓,买入,330,143.569000,0,0.000000,未成交
93009000,,30200141831,D_30200141831,128027.SZ,203,111618,SZDDF0_0302_SZ_4750,,开仓,买入,330,143.569000,0,0.000000,已撤单
93024000,,30200141831,D_30200141831,128027.SZ,204,111619,SZDDF0_0302_SZ_8923,,开仓,买入,330,143.703000,0,0.000000,未成交
93042000,,30200141831,D_30200141831,123001.SZ,205,111620,SZDDF0_0302_SZ_12945,,开仓,买入,330,148.603000,0,0.000000,未成交
93024000,,30200141831,D_30200141831,128027.SZ,204,111619,SZDDF0_0302_SZ_13127,,开仓,买入,330,143.703000,0,0.000000,未成交
93024000,,30200141831,D_30200141831,128027.SZ,204,111619,SZDDF0_0302_SZ_8923,,开仓,买入,330,143.703000,0,0.000000,已撤单
93045000,,30200141831,D_30200141831,128027.SZ,206,111621,SZDDF0_0302_SZ_13367,,开仓,买入,330,143.872000,0,0.000000,未成交
93045000,,30200141831,D_30200141831,128027.SZ,206,111621,SZDDF0_0302_SZ_13367,,开仓,买入,330,143.872000,100,143.872000,部分成交
93042000,,30200141831,D_30200141831,123001.SZ,205,111620,SZDDF0_0302_SZ_25578,,开仓,买入,330,148.603000,0,0.000000,未成交
93042000,,30200141831,D_30200141831,123001.SZ,205,111620,SZDDF0_0302_SZ_12945,,开仓,买入,330,148.603000,0,0.000000,已撤单
93124000,,30200141831,D_30200141831,123001.SZ,207,111622,SZDDF0_0302_SZ_26077,,开仓,买入,330,148.719000,0,0.000000,未成交
93045000,,30200141831,D_30200141831,128027.SZ,206,111621,SZDDF0_0302_SZ_28904,,开仓,买入,330,143.872000,0,0.000000,未成交
93045000,,30200141831,D_30200141831,128027.SZ,206,111621,SZDDF0_0302_SZ_13367,,开仓,买入,330,143.872000,100,143.872000,已撤单
93124000,,30200141831,D_30200141831,123001.SZ,207,111622,SZDDF0_0302_SZ_28953,,开仓,买入,330,148.719000,0,0.000000,未成交
93124000,,30200141831,D_30200141831,123001.SZ,207,111622,SZDDF0_0302_SZ_26077,,开仓,买入,330,148.719000,0,0.000000,已撤单
93133000,,30200141831,D_30200141831,123001.SZ,208,111623,SZDDF0_0302_SZ_29505,,开仓,买入,330,149.067000,0,0.000000,未成交
93133000,,30200141831,D_30200141831,123021.SZ,209,111624,SZDDF0_0302_SZ_29877,,开仓,买入,430,114.196000,0,0.000000,未成交
93139000,,30200141831,D_30200141831,128027.SZ,210,111625,SZDDF0_0302_SZ_32021,,开仓,买入,230,143.367000,0,0.000000,未成交
93133000,,30200141831,D_30200141831,123021.SZ,209,111624,SZDDF0_0302_SZ_32701,,开仓,买入,430,114.196000,0,0.000000,未成交
93133000,,30200141831,D_30200141831,123021.SZ,209,111624,SZDDF0_0302_SZ_29877,,开仓,买入,430,114.196000,0,0.000000,已撤单
93142000,,30200141831,D_30200141831,123021.SZ,211,111626,SZDDF0_0302_SZ_33280,,开仓,买入,430,114.342000,0,0.000000,未成交
93139000,,30200141831,D_30200141831,128027.SZ,210,111625,SZDDF0_0302_SZ_34367,,开仓,买入,230,143.367000,0,0.000000,未成交
93139000,,30200141831,D_30200141831,128027.SZ,210,111625,SZDDF0_0302_SZ_32021,,开仓,买入,230,143.367000,0,0.000000,已撤单
93145000,,30200141831,D_30200141831,128027.SZ,212,111627,SZDDF0_0302_SZ_34958,,开仓,买入,230,143.569000,0,0.000000,未成交
93142000,,30200141831,D_30200141831,123021.SZ,211,111626,SZDDF0_0302_SZ_36913,,开仓,买入,430,114.342000,0,0.000000,未成交
93142000,,30200141831,D_30200141831,123021.SZ,211,111626,SZDDF0_0302_SZ_33280,,开仓,买入,430,114.342000,0,0.000000,已撤单
93145000,,30200141831,D_30200141831,128027.SZ,212,111627,SZDDF0_0302_SZ_37358,,开仓,买入,230,143.569000,0,0.000000,未成交
93154000,,30200141831,D_30200141831,123021.SZ,213,111628,SZDDF0_0302_SZ_37359,,开仓,买入,430,114.598000,0,0.000000,未成交
93145000,,30200141831,D_30200141831,128027.SZ,212,111627,SZDDF0_0302_SZ_34958,,开仓,买入,230,143.569000,0,0.000000,已撤单
93154000,,30200141831,D_30200141831,123021.SZ,213,111628,SZDDF0_0302_SZ_40413,,开仓,买入,430,114.598000,0,0.000000,未成交
93154000,,30200141831,D_30200141831,123021.SZ,213,111628,SZDDF0_0302_SZ_37359,,开仓,买入,430,114.598000,0,0.000000,已撤单
93200000,,30200141831,D_30200141831,128027.SZ,214,111629,SZDDF0_0302_SZ_40640,,开仓,买入,230,143.670000,0,0.000000,未成交
93206000,,30200141831,D_30200141831,123021.SZ,215,111630,SZDDF0_0302_SZ_40756,,开仓,买入,430,114.707000,0,0.000000,未成交
93133000,,30200141831,D_30200141831,123001.SZ,208,111623,SZDDF0_0302_SZ_41256,,开仓,买入,330,149.067000,0,0.000000,未成交
93133000,,30200141831,D_30200141831,123001.SZ,208,111623,SZDDF0_0302_SZ_29505,,开仓,买入,330,149.067000,0,0.000000,已撤单
93212000,,30200141831,D_30200141831,123001.SZ,216,111631,SZDDF0_0302_SZ_41569,,开仓,买入,330,149.299000,0,0.000000,未成交
93206000,,30200141831,D_30200141831,123021.SZ,215,111630,SZDDF0_0302_SZ_41573,,开仓,买入,430,114.707000,0,0.000000,未成交
93206000,,30200141831,D_30200141831,123021.SZ,215,111630,SZDDF0_0302_SZ_40756,,开仓,买入,430,114.707000,0,0.000000,已撤单
93200000,,30200141831,D_30200141831,128027.SZ,214,111629,SZDDF0_0302_SZ_41576,,开仓,买入,230,143.670000,0,0.000000,未成交
93200000,,30200141831,D_30200141831,128027.SZ,214,111629,SZDDF0_0302_SZ_40640,,开仓,买入,230,143.670000,0,0.000000,已撤单
93212000,,30200141831,D_30200141831,123021.SZ,217,111632,SZDDF0_0302_SZ_41834,,开仓,买入,430,115.036000,0,0.000000,未成交
93215000,,30200141831,D_30200141831,128027.SZ,218,111633,SZDDF0_0302_SZ_42087,,平仓,卖出,106,144.391000,0,0.000000,未成交
93212000,,30200141831,D_30200141831,123021.SZ,217,111632,SZDDF0_0302_SZ_41834,,开仓,买入,430,115.036000,50,115.036000,部分成交
93212000,,30200141831,D_30200141831,123001.SZ,216,111631,SZDDF0_0302_SZ_42407,,开仓,买入,330,149.299000,0,0.000000,未成交
93212000,,30200141831,D_30200141831,123001.SZ,216,111631,SZDDF0_0302_SZ_41569,,开仓,买入,330,149.299000,0,0.000000,已撤单
93221000,,30200141831,D_30200141831,128027.SZ,219,111634,SZDDF0_0302_SZ_43192,,开仓,买入,230,143.771000,0,0.000000,未成交
93212000,,30200141831,D_30200141831,123021.SZ,217,111632,SZDDF0_0302_SZ_41834,,开仓,买入,430,115.036000,120,115.036000,部分成交
93221000,,30200141831,D_30200141831,128027.SZ,219,111634,SZDDF0_0302_SZ_44306,,开仓,买入,230,143.771000,0,0.000000,未成交
93221000,,30200141831,D_30200141831,128027.SZ,219,111634,SZDDF0_0302_SZ_43192,,开仓,买入,230,143.771000,0,0.000000,已撤单
93212000,,30200141831,D_30200141831,123021.SZ,217,111632,SZDDF0_0302_SZ_44585,,开仓,买入,430,115.036000,0,0.000000,未成交
93212000,,30200141831,D_30200141831,123021.SZ,217,111632,SZDDF0_0302_SZ_41834,,开仓,买入,430,115.036000,120,115.036000,已撤单
93230000,,30200141831,D_30200141831,128027.SZ,220,111635,SZDDF0_0302_SZ_44598,,开仓,买入,230,143.804000,0,0.000000,未成交
93230000,,30200141831,D_30200141831,123021.SZ,221,111636,SZDDF0_0302_SZ_44925,,开仓,买入,310,115.182000,0,0.000000,未成交
93230000,,30200141831,D_30200141831,123021.SZ,221,111636,SZDDF0_0302_SZ_44925,,开仓,买入,310,115.182000,250,115.182000,部分成交
93230000,,30200141831,D_30200141831,128027.SZ,220,111635,SZDDF0_0302_SZ_47427,,开仓,买入,230,143.804000,0,0.000000,未成交
93230000,,30200141831,D_30200141831,128027.SZ,220,111635,SZDDF0_0302_SZ_44598,,开仓,买入,230,143.804000,0,0.000000,已撤单
93230000,,30200141831,D_30200141831,123021.SZ,221,111636,SZDDF0_0302_SZ_47639,,开仓,买入,310,115.182000,0,0.000000,未成交
93230000,,30200141831,D_30200141831,123021.SZ,221,111636,SZDDF0_0302_SZ_44925,,开仓,买入,310,115.182000,250,115.182000,已撤单
93251000,,30200141831,D_30200141831,123021.SZ,222,111637,SZDDF0_0302_SZ_47769,,开仓,买入,60,115.255000,0,0.000000,未成交
93251000,,30200141831,D_30200141831,123021.SZ,222,111637,SZDDF0_0302_SZ_47769,,开仓,买入,60,115.255000,60,115.255000,已成
93215000,,30200141831,D_30200141831,128027.SZ,218,111633,SZDDF0_0302_SZ_42087,,平仓,卖出,106,144.391000,106,144.391000,已成
93348000,,30200141831,D_30200141831,128027.SZ,223,111638,SZDDF0_0302_SZ_59040,,开仓,买入,340,144.141000,0,0.000000,未成交
93348000,,30200141831,D_30200141831,128027.SZ,223,111638,SZDDF0_0302_SZ_60270,,开仓,买入,340,144.141000,0,0.000000,未成交
93348000,,30200141831,D_30200141831,128027.SZ,223,111638,SZDDF0_0302_SZ_59040,,开仓,买入,340,144.141000,0,0.000000,已撤单
93400000,,30200141831,D_30200141831,128027.SZ,224,111639,SZDDF0_0302_SZ_60559,,开仓,买入,340,144.174000,0,0.000000,未成交
93400000,,30200141831,D_30200141831,128027.SZ,224,111639,SZDDF0_0302_SZ_64087,,开仓,买入,340,144.174000,0,0.000000,未成交
93400000,,30200141831,D_30200141831,128027.SZ,224,111639,SZDDF0_0302_SZ_60559,,开仓,买入,340,144.174000,0,0.000000,已撤单
93448000,,30200141831,D_30200141831,123021.SZ,225,111640,SZDDF0_0302_SZ_68996,,平仓,卖出,430,115.246000,0,0.000000,未成交
93448000,,30200141831,D_30200141831,123021.SZ,225,111640,SZDDF0_0302_SZ_70013,,平仓,卖出,430,115.246000,0,0.000000,未成交
93448000,,30200141831,D_30200141831,123021.SZ,225,111640,SZDDF0_0302_SZ_68996,,平仓,卖出,430,115.246000,0,0.000000,已撤单
93500000,,30200141831,D_30200141831,123021.SZ,226,111641,SZDDF0_0302_SZ_70243,,平仓,卖出,430,115.173000,0,0.000000,未成交
93527000,,30200141831,D_30200141831,123001.SZ,227,111642,SZDDF0_0302_SZ_76509,,开仓,买入,330,149.299000,0,0.000000,未成交
93527000,,30200141831,D_30200141831,123001.SZ,227,111642,SZDDF0_0302_SZ_76934,,开仓,买入,330,149.299000,0,0.000000,未成交
93527000,,30200141831,D_30200141831,123001.SZ,227,111642,SZDDF0_0302_SZ_76509,,开仓,买入,330,149.299000,0,0.000000,已撤单
93500000,,30200141831,D_30200141831,123021.SZ,226,111641,SZDDF0_0302_SZ_76937,,平仓,卖出,430,115.173000,0,0.000000,未成交
93500000,,30200141831,D_30200141831,123021.SZ,226,111641,SZDDF0_0302_SZ_70243,,平仓,卖出,430,115.173000,0,0.000000,已撤单
93539000,,30200141831,D_30200141831,123021.SZ,228,111643,SZDDF0_0302_SZ_77163,,平仓,卖出,430,115.136000,0,0.000000,未成交
93539000,,30200141831,D_30200141831,123021.SZ,228,111643,SZDDF0_0302_SZ_78282,,平仓,卖出,430,115.136000,0,0.000000,未成交
93539000,,30200141831,D_30200141831,123021.SZ,228,111643,SZDDF0_0302_SZ_77163,,平仓,卖出,430,115.136000,0,0.000000,已撤单
93548000,,30200141831,D_30200141831,123021.SZ,229,111644,SZDDF0_0302_SZ_78433,,平仓,卖出,430,114.952000,0,0.000000,未成交
93548000,,30200141831,D_30200141831,123021.SZ,229,111644,SZDDF0_0302_SZ_78433,,平仓,卖出,430,114.952000,50,114.952000,部分成交
93614000,,30200141831,D_30200141831,113529.SH,230,111645,SZDDF0_0302_SH_81920,,开仓,买入,360,138.740000,0,0.000000,未成交
93614000,,30200141831,D_30200141831,113529.SH,230,111645,SZDDF0_0302_SH_83238,,开仓,买入,360,138.740000,0,0.000000,未成交
93614000,,30200141831,D_30200141831,113529.SH,230,111645,SZDDF0_0302_SH_81920,,开仓,买入,360,138.740000,0,0.000000,已撤单
93623000,,30200141831,D_30200141831,113529.SH,231,111647,SZDDF0_0302_SH_83626,,开仓,买入,360,138.790000,0,0.000000,未成交
93548000,,30200141831,D_30200141831,123021.SZ,229,111644,SZDDF0_0302_SZ_85474,,平仓,卖出,430,114.952000,0,0.000000,未成交
93548000,,30200141831,D_30200141831,123021.SZ,229,111644,SZDDF0_0302_SZ_78433,,平仓,卖出,430,114.952000,50,114.952000,已撤单
93639000,,30200141831,D_30200141831,123021.SZ,232,111648,SZDDF0_0302_SZ_85755,,平仓,卖出,380,114.806000,0,0.000000,未成交
93623000,,30200141831,D_30200141831,113529.SH,231,111647,SZDDF0_0302_SH_86172,,开仓,买入,360,138.790000,0,0.000000,未成交
93623000,,30200141831,D_30200141831,113529.SH,231,111647,SZDDF0_0302_SH_83626,,开仓,买入,360,138.790000,0,0.000000,已撤单
93650000,,30200141831,D_30200141831,113523.SH,233,111649,SZDDF0_0302_SH_88446,,开仓,买入,140,122.300000,0,0.000000,未成交
93650000,,30200141831,D_30200141831,113523.SH,233,111649,SZDDF0_0302_SH_90983,,开仓,买入,140,122.300000,0,0.000000,未成交
93650000,,30200141831,D_30200141831,113523.SH,233,111649,SZDDF0_0302_SH_88446,,开仓,买入,140,122.300000,0,0.000000,已撤单
93717000,,30200141831,D_30200141831,113520.SH,234,111650,SZDDF0_0302_SH_92259,,开仓,买入,190,125.910000,0,0.000000,未成交
93717000,,30200141831,D_30200141831,113520.SH,234,111650,SZDDF0_0302_SH_92259,,开仓,买入,190,125.910000,60,125.860000,部分成交
93717000,,30200141831,D_30200141831,113520.SH,234,111650,SZDDF0_0302_SH_92259,,开仓,买入,190,125.910000,190,125.860000,已成
93639000,,30200141831,D_30200141831,123021.SZ,232,111648,SZDDF0_0302_SZ_92558,,平仓,卖出,380,114.806000,0,0.000000,未成交
93639000,,30200141831,D_30200141831,123021.SZ,232,111648,SZDDF0_0302_SZ_85755,,平仓,卖出,380,114.806000,0,0.000000,已撤单
93724000,,30200141831,D_30200141831,123021.SZ,235,111651,SZDDF0_0302_SZ_92648,,平仓,卖出,380,114.659000,0,0.000000,未成交
93726000,,30200141831,D_30200141831,113520.SH,236,111652,SZDDF0_0302_SH_92792,,平仓,卖出,190,126.210000,0,0.000000,未成交
93726000,,30200141831,D_30200141831,113520.SH,236,111652,SZDDF0_0302_SH_93075,,平仓,卖出,190,126.210000,0,0.000000,未成交
93726000,,30200141831,D_30200141831,113520.SH,236,111652,SZDDF0_0302_SH_92792,,平仓,卖出,190,126.210000,90,126.210000,部分成交
93726000,,30200141831,D_30200141831,113520.SH,236,111652,SZDDF0_0302_SH_92792,,平仓,卖出,190,126.210000,190,126.210000,已成
93724000,,30200141831,D_30200141831,123021.SZ,235,111651,SZDDF0_0302_SZ_92648,,平仓,卖出,380,114.659000,300,114.659000,部分成交
93732000,,30200141831,D_30200141831,113520.SH,237,111653,SZDDF0_0302_SH_93974,,开仓,买入,190,126.390000,0,0.000000,未成交
93732000,,30200141831,D_30200141831,113520.SH,237,111653,SZDDF0_0302_SH_94208,,开仓,买入,190,126.390000,0,0.000000,未成交
93732000,,30200141831,D_30200141831,113520.SH,237,111653,SZDDF0_0302_SH_93974,,开仓,买入,190,126.390000,0,0.000000,已撤单
93724000,,30200141831,D_30200141831,123021.SZ,235,111651,SZDDF0_0302_SZ_94240,,平仓,卖出,380,114.659000,0,0.000000,未成交
93724000,,30200141831,D_30200141831,123021.SZ,235,111651,SZDDF0_0302_SZ_92648,,平仓,卖出,380,114.659000,300,114.659000,已撤单
93739000,,30200141831,D_30200141831,123021.SZ,238,111655,SZDDF0_0302_SZ_94297,,平仓,卖出,80,114.439000,0,0.000000,未成交
93739000,,30200141831,D_30200141831,123021.SZ,238,111655,SZDDF0_0302_SZ_94297,,平仓,卖出,80,114.439000,10,114.500000,部分成交
93739000,,30200141831,D_30200141831,123021.SZ,238,111655,SZDDF0_0302_SZ_94297,,平仓,卖出,80,114.439000,20,114.469500,部分成交
93739000,,30200141831,D_30200141831,123021.SZ,238,111655,SZDDF0_0302_SZ_94297,,平仓,卖出,80,114.439000,30,114.459300,部分成交
93739000,,30200141831,D_30200141831,123021.SZ,238,111655,SZDDF0_0302_SZ_94297,,平仓,卖出,80,114.439000,40,114.454200,部分成交
93739000,,30200141831,D_30200141831,123021.SZ,238,111655,SZDDF0_0302_SZ_94297,,平仓,卖出,80,114.439000,80,114.446600,已成
93741000,,30200141831,D_30200141831,113520.SH,239,111656,SZDDF0_0302_SH_94405,,开仓,买入,190,126.220000,0,0.000000,未成交
93741000,,30200141831,D_30200141831,113520.SH,239,111656,SZDDF0_0302_SH_94405,,开仓,买入,190,126.220000,190,126.220000,已成
93753000,,30200141831,D_30200141831,113520.SH,240,111657,SZDDF0_0302_SH_95833,,开仓,买入,190,126.590000,0,0.000000,未成交
93753000,,30200141831,D_30200141831,113520.SH,240,111657,SZDDF0_0302_SH_96023,,开仓,买入,190,126.590000,0,0.000000,未成交
93753000,,30200141831,D_30200141831,113520.SH,240,111657,SZDDF0_0302_SH_95833,,开仓,买入,190,126.590000,0,0.000000,已撤单
93838000,,30200141831,D_30200141831,113520.SH,241,111658,SZDDF0_0302_SH_101403,,开仓,买入,190,126.040000,0,0.000000,未成交
93838000,,30200141831,D_30200141831,113520.SH,241,111658,SZDDF0_0302_SH_102326,,开仓,买入,190,126.040000,0,0.000000,未成交
93838000,,30200141831,D_30200141831,113520.SH,241,111658,SZDDF0_0302_SH_101403,,开仓,买入,190,126.040000,0,0.000000,已撤单
93844000,,30200141831,D_30200141831,113520.SH,242,111659,SZDDF0_0302_SH_103264,,开仓,买入,190,126.170000,0,0.000000,未成交
93844000,,30200141831,D_30200141831,113520.SH,242,111659,SZDDF0_0302_SH_104059,,开仓,买入,190,126.170000,0,0.000000,未成交
93844000,,30200141831,D_30200141831,113520.SH,242,111659,SZDDF0_0302_SH_103264,,开仓,买入,190,126.170000,0,0.000000,已撤单
94012000,,30200141831,D_30200141831,123001.SZ,243,111661,SZDDF0_0302_SZ_114321,,开仓,买入,330,147.443000,0,0.000000,未成交
94012000,,30200141831,D_30200141831,123001.SZ,243,111661,SZDDF0_0302_SZ_120575,,开仓,买入,330,147.443000,0,0.000000,未成交
94012000,,30200141831,D_30200141831,123001.SZ,243,111661,SZDDF0_0302_SZ_114321,,开仓,买入,330,147.443000,0,0.000000,已撤单
94056000,,30200141831,D_30200141831,113520.SH,244,111662,SZDDF0_0302_SH_121875,,平仓,卖出,190,126.800000,0,0.000000,未成交
94056000,,30200141831,D_30200141831,113520.SH,244,111662,SZDDF0_0302_SH_121875,,平仓,卖出,190,126.800000,190,126.800000,已成
94323000,,30200141831,D_30200141831,113523.SH,245,111663,SZDDF0_0302_SH_139074,,开仓,买入,140,122.640000,0,0.000000,未成交
94323000,,30200141831,D_30200141831,113523.SH,245,111663,SZDDF0_0302_SH_140160,,开仓,买入,140,122.640000,0,0.000000,未成交
94323000,,30200141831,D_30200141831,113523.SH,245,111663,SZDDF0_0302_SH_139074,,开仓,买入,140,122.640000,0,0.000000,已撤单
94329000,,30200141831,D_30200141831,113520.SH,246,111664,SZDDF0_0302_SH_140520,,开仓,买入,190,126.260000,0,0.000000,未成交
94335000,,30200141831,D_30200141831,113523.SH,247,111665,SZDDF0_0302_SH_140532,,开仓,买入,140,122.810000,0,0.000000,未成交
94329000,,30200141831,D_30200141831,113520.SH,246,111664,SZDDF0_0302_SH_140520,,开仓,买入,190,126.260000,120,126.250000,部分成交
94329000,,30200141831,D_30200141831,113520.SH,246,111664,SZDDF0_0302_SH_141359,,开仓,买入,190,126.260000,0,0.000000,未成交
94329000,,30200141831,D_30200141831,113520.SH,246,111664,SZDDF0_0302_SH_140520,,开仓,买入,190,126.260000,120,126.250000,已撤单
94344000,,30200141831,D_30200141831,113520.SH,248,111666,SZDDF0_0302_SH_141975,,开仓,买入,70,126.330000,0,0.000000,未成交
94344000,,30200141831,D_30200141831,113520.SH,248,111666,SZDDF0_0302_SH_141975,,开仓,买入,70,126.330000,10,126.330000,部分成交
94351000,,30200141831,D_30200141831,128027.SZ,249,111667,SZDDF0_0302_SZ_142484,,开仓,买入,340,144.511000,0,0.000000,未成交
94344000,,30200141831,D_30200141831,113520.SH,248,111666,SZDDF0_0302_SH_142849,,开仓,买入,70,126.330000,0,0.000000,未成交
94344000,,30200141831,D_30200141831,113520.SH,248,111666,SZDDF0_0302_SH_141975,,开仓,买入,70,126.330000,10,126.330000,已撤单
94353000,,30200141831,D_30200141831,113520.SH,250,111668,SZDDF0_0302_SH_143316,,开仓,买入,60,126.390000,0,0.000000,未成交
94353000,,30200141831,D_30200141831,113520.SH,250,111668,SZDDF0_0302_SH_144614,,开仓,买入,60,126.390000,0,0.000000,未成交
94353000,,30200141831,D_30200141831,113520.SH,250,111668,SZDDF0_0302_SH_143316,,开仓,买入,60,126.390000,0,0.000000,已撤单
94402000,,30200141831,D_30200141831,113520.SH,251,111669,SZDDF0_0302_SH_145131,,开仓,买入,60,126.530000,0,0.000000,未成交
94402000,,30200141831,D_30200141831,113520.SH,251,111669,SZDDF0_0302_SH_145131,,开仓,买入,60,126.530000,20,126.490000,部分成交
94402000,,30200141831,D_30200141831,113520.SH,251,111669,SZDDF0_0302_SH_145131,,开仓,买入,60,126.530000,60,126.496600,已成
94335000,,30200141831,D_30200141831,113523.SH,247,111665,SZDDF0_0302_SH_145805,,开仓,买入,140,122.810000,0,0.000000,未成交
94335000,,30200141831,D_30200141831,113523.SH,247,111665,SZDDF0_0302_SH_140532,,开仓,买入,140,122.810000,0,0.000000,已撤单
94408000,,30200141831,D_30200141831,113523.SH,252,111670,SZDDF0_0302_SH_146473,,开仓,买入,140,122.870000,0,0.000000,未成交
94351000,,30200141831,D_30200141831,128027.SZ,249,111667,SZDDF0_0302_SZ_148134,,开仓,买入,340,144.511000,0,0.000000,未成交
94351000,,30200141831,D_30200141831,128027.SZ,249,111667,SZDDF0_0302_SZ_142484,,开仓,买入,340,144.511000,0,0.000000,已撤单
94447000,,30200141831,D_30200141831,113520.SH,253,111671,SZDDF0_0302_SH_151816,,平仓,卖出,190,127.540000,0,0.000000,未成交
94447000,,30200141831,D_30200141831,113520.SH,253,111671,SZDDF0_0302_SH_152112,,平仓,卖出,190,127.540000,0,0.000000,未成交
94447000,,30200141831,D_30200141831,113520.SH,253,111671,SZDDF0_0302_SH_151816,,平仓,卖出,190,127.540000,0,0.000000,已撤单
94459000,,30200141831,D_30200141831,113520.SH,254,111673,SZDDF0_0302_SH_152576,,平仓,卖出,190,127.430000,0,0.000000,未成交
94459000,,30200141831,D_30200141831,113520.SH,254,111673,SZDDF0_0302_SH_153813,,平仓,卖出,190,127.430000,0,0.000000,未成交
94459000,,30200141831,D_30200141831,113520.SH,254,111673,SZDDF0_0302_SH_152576,,平仓,卖出,190,127.430000,0,0.000000,已撤单
94508000,,30200141831,D_30200141831,113520.SH,255,111674,SZDDF0_0302_SH_154550,,开仓,买入,190,128.040000,0,0.000000,未成交
94508000,,30200141831,D_30200141831,113520.SH,255,111674,SZDDF0_0302_SH_154550,,开仓,买入,190,128.040000,60,127.500000,部分成交
94508000,,30200141831,D_30200141831,113520.SH,255,111674,SZDDF0_0302_SH_154550,,开仓,买入,190,128.040000,100,127.500000,部分成交
94508000,,30200141831,D_30200141831,113520.SH,255,111674,SZDDF0_0302_SH_154550,,开仓,买入,190,128.040000,190,127.509400,已成
94520000,,30200141831,D_30200141831,113520.SH,256,111675,SZDDF0_0302_SH_156168,,平仓,卖出,190,127.940000,0,0.000000,未成交
94520000,,30200141831,D_30200141831,113520.SH,256,111675,SZDDF0_0302_SH_156168,,平仓,卖出,190,127.940000,40,128.040000,部分成交
94520000,,30200141831,D_30200141831,113520.SH,256,111675,SZDDF0_0302_SH_156168,,平仓,卖出,190,127.940000,80,128.040000,部分成交
94520000,,30200141831,D_30200141831,113520.SH,256,111675,SZDDF0_0302_SH_156168,,平仓,卖出,190,127.940000,190,128.040000,已成
94526000,,30200141831,D_30200141831,113520.SH,257,111676,SZDDF0_0302_SH_156815,,开仓,买入,190,128.040000,0,0.000000,未成交
94526000,,30200141831,D_30200141831,113520.SH,257,111676,SZDDF0_0302_SH_156815,,开仓,买入,190,128.040000,190,128.040000,已成
94535000,,30200141831,D_30200141831,113520.SH,258,111677,SZDDF0_0302_SH_157932,,平仓,卖出,190,128.770000,0,0.000000,未成交
94535000,,30200141831,D_30200141831,113520.SH,258,111677,SZDDF0_0302_SH_158867,,平仓,卖出,190,128.770000,0,0.000000,未成交
94535000,,30200141831,D_30200141831,113520.SH,258,111677,SZDDF0_0302_SH_157932,,平仓,卖出,190,128.770000,0,0.000000,已撤单
94556000,,30200141831,D_30200141831,113520.SH,259,111678,SZDDF0_0302_SH_159525,,平仓,卖出,190,128.530000,0,0.000000,未成交
94556000,,30200141831,D_30200141831,113520.SH,259,111678,SZDDF0_0302_SH_160291,,平仓,卖出,190,128.530000,0,0.000000,未成交
94556000,,30200141831,D_30200141831,113520.SH,259,111678,SZDDF0_0302_SH_159525,,平仓,卖出,190,128.530000,0,0.000000,已撤单
94620000,,30200141831,D_30200141831,113520.SH,260,111679,SZDDF0_0302_SH_161818,,平仓,卖出,190,128.320000,0,0.000000,未成交
94620000,,30200141831,D_30200141831,113520.SH,260,111679,SZDDF0_0302_SH_161818,,平仓,卖出,190,128.320000,190,128.320000,已成
94408000,,30200141831,D_30200141831,113523.SH,252,111670,SZDDF0_0302_SH_162060,,开仓,买入,140,122.870000,0,0.000000,未成交
94408000,,30200141831,D_30200141831,113523.SH,252,111670,SZDDF0_0302_SH_146473,,开仓,买入,140,122.870000,0,0.000000,已撤单
94623000,,30200141831,D_30200141831,113523.SH,261,111680,SZDDF0_0302_SH_162349,,开仓,买入,140,123.380000,0,0.000000,未成交
94702000,,30200141831,D_30200141831,113520.SH,262,111682,SZDDF0_0302_SH_169401,,开仓,买入,190,127.280000,0,0.000000,未成交
94702000,,30200141831,D_30200141831,113520.SH,262,111682,SZDDF0_0302_SH_169916,,开仓,买入,190,127.280000,0,0.000000,未成交
94702000,,30200141831,D_30200141831,113520.SH,262,111682,SZDDF0_0302_SH_169401,,开仓,买入,190,127.280000,0,0.000000,已撤单
94711000,,30200141831,D_30200141831,113520.SH,263,111683,SZDDF0_0302_SH_170132,,开仓,买入,190,127.420000,0,0.000000,未成交
94623000,,30200141831,D_30200141831,113523.SH,261,111680,SZDDF0_0302_SH_170133,,开仓,买入,140,123.380000,0,0.000000,未成交
94623000,,30200141831,D_30200141831,113523.SH,261,111680,SZDDF0_0302_SH_162349,,开仓,买入,140,123.380000,0,0.000000,已撤单
94711000,,30200141831,D_30200141831,113520.SH,263,111683,SZDDF0_0302_SH_171072,,开仓,买入,190,127.420000,0,0.000000,未成交
94711000,,30200141831,D_30200141831,113520.SH,263,111683,SZDDF0_0302_SH_170132,,开仓,买入,190,127.420000,0,0.000000,已撤单
94717000,,30200141831,D_30200141831,113520.SH,264,111684,SZDDF0_0302_SH_171190,,开仓,买入,190,127.560000,0,0.000000,未成交
94717000,,30200141831,D_30200141831,113520.SH,264,111684,SZDDF0_0302_SH_171537,,开仓,买入,190,127.560000,0,0.000000,未成交
94717000,,30200141831,D_30200141831,113520.SH,264,111684,SZDDF0_0302_SH_171190,,开仓,买入,190,127.560000,0,0.000000,已撤单
94735000,,30200141831,D_30200141831,113520.SH,265,111685,SZDDF0_0302_SH_172378,,平仓,卖出,190,128.690000,0,0.000000,未成交
94735000,,30200141831,D_30200141831,113520.SH,265,111685,SZDDF0_0302_SH_172378,,平仓,卖出,190,128.690000,100,128.690000,部分成交
94750000,,30200141831,D_30200141831,113520.SH,266,111686,SZDDF0_0302_SH_173644,,开仓,买入,190,128.730000,0,0.000000,未成交
94735000,,30200141831,D_30200141831,113520.SH,265,111685,SZDDF0_0302_SH_173652,,平仓,卖出,190,128.690000,0,0.000000,未成交
94735000,,30200141831,D_30200141831,113520.SH,265,111685,SZDDF0_0302_SH_172378,,平仓,卖出,190,128.690000,100,128.690000,已撤单
94750000,,30200141831,D_30200141831,113520.SH,266,111686,SZDDF0_0302_SH_173644,,开仓,买入,190,128.730000,120,128.500000,部分成交
94750000,,30200141831,D_30200141831,113520.SH,266,111686,SZDDF0_0302_SH_173644,,开仓,买入,190,128.730000,190,128.533100,已成
94756000,,30200141831,D_30200141831,113520.SH,267,111687,SZDDF0_0302_SH_173899,,平仓,卖出,90,128.180000,0,0.000000,未成交
94756000,,30200141831,D_30200141831,113520.SH,267,111687,SZDDF0_0302_SH_173899,,平仓,卖出,90,128.180000,90,128.610000,已成
94802000,,30200141831,D_30200141831,113520.SH,268,111688,SZDDF0_0302_SH_174806,,开仓,买入,190,128.630000,0,0.000000,未成交
94802000,,30200141831,D_30200141831,113520.SH,268,111688,SZDDF0_0302_SH_174806,,开仓,买入,190,128.630000,190,128.580000,已成
94808000,,30200141831,D_30200141831,113520.SH,269,111689,SZDDF0_0302_SH_175012,,平仓,卖出,190,128.460000,0,0.000000,未成交
94808000,,30200141831,D_30200141831,113520.SH,269,111689,SZDDF0_0302_SH_175012,,平仓,卖出,190,128.460000,60,128.590000,部分成交
94808000,,30200141831,D_30200141831,113520.SH,269,111689,SZDDF0_0302_SH_175012,,平仓,卖出,190,128.460000,190,128.583100,已成
94814000,,30200141831,D_30200141831,113520.SH,270,111690,SZDDF0_0302_SH_175795,,开仓,买入,190,128.800000,0,0.000000,未成交
94814000,,30200141831,D_30200141831,113520.SH,270,111690,SZDDF0_0302_SH_175795,,开仓,买入,190,128.800000,190,128.670000,已成
94832000,,30200141831,D_30200141831,113520.SH,271,111691,SZDDF0_0302_SH_177141,,平仓,卖出,190,129.400000,0,0.000000,未成交
94832000,,30200141831,D_30200141831,113520.SH,271,111691,SZDDF0_0302_SH_177141,,平仓,卖出,190,129.400000,190,129.400000,已成
94838000,,30200141831,D_30200141831,113520.SH,272,111692,SZDDF0_0302_SH_177485,,开仓,买入,190,129.050000,0,0.000000,未成交
94838000,,30200141831,D_30200141831,113520.SH,272,111692,SZDDF0_0302_SH_177485,,开仓,买入,190,129.050000,190,129.050000,已成
94853000,,30200141831,D_30200141831,113520.SH,273,111693,SZDDF0_0302_SH_178738,,平仓,卖出,190,129.780000,0,0.000000,未成交
94853000,,30200141831,D_30200141831,113520.SH,273,111693,SZDDF0_0302_SH_178738,,平仓,卖出,190,129.780000,190,129.790000,已成
94917000,,30200141831,D_30200141831,113520.SH,274,111694,SZDDF0_0302_SH_180775,,开仓,买入,190,129.360000,0,0.000000,未成交
94917000,,30200141831,D_30200141831,113520.SH,274,111694,SZDDF0_0302_SH_180775,,开仓,买入,190,129.360000,100,129.360000,部分成交
94917000,,30200141831,D_30200141831,113520.SH,274,111694,SZDDF0_0302_SH_181971,,开仓,买入,190,129.360000,0,0.000000,未成交
94917000,,30200141831,D_30200141831,113520.SH,274,111694,SZDDF0_0302_SH_180775,,开仓,买入,190,129.360000,100,129.360000,已撤单
94932000,,30200141831,D_30200141831,113520.SH,275,111695,SZDDF0_0302_SH_182093,,平仓,卖出,100,129.570000,0,0.000000,未成交
94932000,,30200141831,D_30200141831,113520.SH,275,111695,SZDDF0_0302_SH_182093,,平仓,卖出,100,129.570000,100,129.570000,已成
95020000,,30200141831,D_30200141831,113520.SH,276,111696,SZDDF0_0302_SH_187690,,平仓,卖出,190,129.880000,0,0.000000,未成交
95020000,,30200141831,D_30200141831,113520.SH,276,111696,SZDDF0_0302_SH_189642,,平仓,卖出,190,129.880000,0,0.000000,未成交
95039000,,30200141831,D_30200141831,128020.SZ,277,111697,SZDDF0_0302_SZ_189655,,开仓,买入,390,127.353000,0,0.000000,未成交
95020000,,30200141831,D_30200141831,113520.SH,276,111696,SZDDF0_0302_SH_187690,,平仓,卖出,190,129.880000,0,0.000000,已撤单
95038000,,30200141831,D_30200141831,113520.SH,278,111698,SZDDF0_0302_SH_189824,,平仓,卖出,190,129.530000,0,0.000000,未成交
95038000,,30200141831,D_30200141831,113520.SH,278,111698,SZDDF0_0302_SH_189824,,平仓,卖出,190,129.530000,190,129.690000,已成
95039000,,30200141831,D_30200141831,128020.SZ,277,111697,SZDDF0_0302_SZ_191050,,开仓,买入,390,127.353000,0,0.000000,未成交
95039000,,30200141831,D_30200141831,128020.SZ,277,111697,SZDDF0_0302_SZ_189655,,开仓,买入,390,127.353000,0,0.000000,已撤单
95145000,,30200141831,D_30200141831,128027.SZ,279,111699,SZDDF0_0302_SZ_197271,,开仓,买入,340,143.535000,0,0.000000,未成交
95145000,,30200141831,D_30200141831,128027.SZ,279,111699,SZDDF0_0302_SZ_197271,,开仓,买入,340,143.535000,10,143.535000,部分成交
95145000,,30200141831,D_30200141831,128027.SZ,279,111699,SZDDF0_0302_SZ_197271,,开仓,买入,340,143.535000,20,143.535000,部分成交
95145000,,30200141831,D_30200141831,128027.SZ,279,111699,SZDDF0_0302_SZ_197271,,开仓,买入,340,143.535000,30,143.535000,部分成交
95145000,,30200141831,D_30200141831,128027.SZ,279,111699,SZDDF0_0302_SZ_197271,,开仓,买入,340,143.535000,40,143.535000,部分成交
95145000,,30200141831,D_30200141831,128027.SZ,279,111699,SZDDF0_0302_SZ_197271,,开仓,买入,340,143.535000,130,143.535000,部分成交
95145000,,30200141831,D_30200141831,128027.SZ,279,111699,SZDDF0_0302_SZ_198182,,开仓,买入,340,143.535000,0,0.000000,未成交
95145000,,30200141831,D_30200141831,128027.SZ,279,111699,SZDDF0_0302_SZ_197271,,开仓,买入,340,143.535000,130,143.535000,已撤单
95209000,,30200141831,D_30200141831,128027.SZ,280,111700,SZDDF0_0302_SZ_199837,,开仓,买入,210,143.132000,0,0.000000,未成交
95221000,,30200141831,D_30200141831,128027.SZ,281,111701,SZDDF0_0302_SZ_200844,,平仓,卖出,130,143.884000,0,0.000000,未成交
95221000,,30200141831,D_30200141831,128027.SZ,281,111701,SZDDF0_0302_SZ_200844,,平仓,卖出,130,143.884000,100,143.884000,部分成交
95209000,,30200141831,D_30200141831,128027.SZ,280,111700,SZDDF0_0302_SZ_203261,,开仓,买入,210,143.132000,0,0.000000,未成交
95209000,,30200141831,D_30200141831,128027.SZ,280,111700,SZDDF0_0302_SZ_199837,,开仓,买入,210,143.132000,0,0.000000,已撤单
95221000,,30200141831,D_30200141831,128027.SZ,281,111701,SZDDF0_0302_SZ_200844,,平仓,卖出,130,143.884000,120,143.884000,部分成交
95221000,,30200141831,D_30200141831,128027.SZ,281,111701,SZDDF0_0302_SZ_200844,,平仓,卖出,130,143.884000,130,143.884000,已成
95315000,,30200141831,D_30200141831,128027.SZ,282,111702,SZDDF0_0302_SZ_204736,,开仓,买入,340,143.603000,0,0.000000,未成交
95315000,,30200141831,D_30200141831,128027.SZ,282,111702,SZDDF0_0302_SZ_205819,,开仓,买入,340,143.603000,0,0.000000,未成交
95315000,,30200141831,D_30200141831,128027.SZ,282,111702,SZDDF0_0302_SZ_204736,,开仓,买入,340,143.603000,0,0.000000,已撤单
95332000,,30200141831,D_30200141831,113520.SH,283,111703,SZDDF0_0302_SH_206990,,开仓,买入,190,128.650000,0,0.000000,未成交
95332000,,30200141831,D_30200141831,113520.SH,283,111703,SZDDF0_0302_SH_207556,,开仓,买入,190,128.650000,0,0.000000,未成交
95332000,,30200141831,D_30200141831,113520.SH,283,111703,SZDDF0_0302_SH_206990,,开仓,买入,190,128.650000,0,0.000000,已撤单
95338000,,30200141831,D_30200141831,113520.SH,284,111704,SZDDF0_0302_SH_207813,,开仓,买入,190,128.720000,0,0.000000,未成交
95338000,,30200141831,D_30200141831,113520.SH,284,111704,SZDDF0_0302_SH_207813,,开仓,买入,190,128.720000,190,128.720000,已成
95435000,,30200141831,D_30200141831,113520.SH,285,111705,SZDDF0_0302_SH_213108,,平仓,卖出,190,129.460000,0,0.000000,未成交
95436000,,30200141831,D_30200141831,128020.SZ,286,111706,SZDDF0_0302_SZ_213146,,开仓,买入,390,128.084000,0,0.000000,未成交
95436000,,30200141831,D_30200141831,128020.SZ,286,111706,SZDDF0_0302_SZ_214143,,开仓,买入,390,128.084000,0,0.000000,未成交
95436000,,30200141831,D_30200141831,128020.SZ,286,111706,SZDDF0_0302_SZ_213146,,开仓,买入,390,128.084000,0,0.000000,已撤单
95454000,,30200141831,D_30200141831,128020.SZ,287,111707,SZDDF0_0302_SZ_214159,,开仓,买入,390,128.206000,0,0.000000,未成交
95454000,,30200141831,D_30200141831,128020.SZ,287,111707,SZDDF0_0302_SZ_215116,,开仓,买入,390,128.206000,0,0.000000,未成交
95454000,,30200141831,D_30200141831,128020.SZ,287,111707,SZDDF0_0302_SZ_214159,,开仓,买入,390,128.206000,0,0.000000,已撤单
95503000,,30200141831,D_30200141831,128020.SZ,288,111708,SZDDF0_0302_SZ_215124,,开仓,买入,390,128.328000,0,0.000000,未成交
95503000,,30200141831,D_30200141831,128020.SZ,288,111708,SZDDF0_0302_SZ_216424,,开仓,买入,390,128.328000,0,0.000000,未成交
95503000,,30200141831,D_30200141831,128020.SZ,288,111708,SZDDF0_0302_SZ_215124,,开仓,买入,390,128.328000,0,0.000000,已撤单
95435000,,30200141831,D_30200141831,113520.SH,285,111705,SZDDF0_0302_SH_216781,,平仓,卖出,190,129.460000,0,0.000000,未成交
95435000,,30200141831,D_30200141831,113520.SH,285,111705,SZDDF0_0302_SH_213108,,平仓,卖出,190,129.460000,0,0.000000,已撤单
95530000,,30200141831,D_30200141831,128027.SZ,289,111709,SZDDF0_0302_SZ_217187,,开仓,买入,340,143.468000,0,0.000000,未成交
95530000,,30200141831,D_30200141831,128027.SZ,289,111709,SZDDF0_0302_SZ_217726,,开仓,买入,340,143.468000,0,0.000000,未成交
95530000,,30200141831,D_30200141831,128027.SZ,289,111709,SZDDF0_0302_SZ_217187,,开仓,买入,340,143.468000,0,0.000000,已撤单
95539000,,30200141831,D_30200141831,128027.SZ,290,111710,SZDDF0_0302_SZ_217846,,开仓,买入,340,143.569000,0,0.000000,未成交
95539000,,30200141831,D_30200141831,128027.SZ,290,111710,SZDDF0_0302_SZ_218796,,开仓,买入,340,143.569000,0,0.000000,未成交
95539000,,30200141831,D_30200141831,128027.SZ,290,111710,SZDDF0_0302_SZ_217846,,开仓,买入,340,143.569000,0,0.000000,已撤单
95554000,,30200141831,D_30200141831,128027.SZ,291,111711,SZDDF0_0302_SZ_218835,,开仓,买入,340,143.670000,0,0.000000,未成交
95600000,,30200141831,D_30200141831,128020.SZ,292,111712,SZDDF0_0302_SZ_219032,,开仓,买入,390,128.247000,0,0.000000,未成交
95600000,,30200141831,D_30200141831,128020.SZ,292,111712,SZDDF0_0302_SZ_219518,,开仓,买入,390,128.247000,0,0.000000,未成交
95600000,,30200141831,D_30200141831,128020.SZ,292,111712,SZDDF0_0302_SZ_219032,,开仓,买入,390,128.247000,0,0.000000,已撤单
95554000,,30200141831,D_30200141831,128027.SZ,291,111711,SZDDF0_0302_SZ_221417,,开仓,买入,340,143.670000,0,0.000000,未成交
95554000,,30200141831,D_30200141831,128027.SZ,291,111711,SZDDF0_0302_SZ_218835,,开仓,买入,340,143.670000,0,0.000000,已撤单
95636000,,30200141831,D_30200141831,128027.SZ,293,111713,SZDDF0_0302_SZ_221539,,开仓,买入,340,143.703000,0,0.000000,未成交
95636000,,30200141831,D_30200141831,128027.SZ,293,111713,SZDDF0_0302_SZ_221539,,开仓,买入,340,143.703000,100,143.703000,部分成交
95636000,,30200141831,D_30200141831,128027.SZ,293,111713,SZDDF0_0302_SZ_221539,,开仓,买入,340,143.703000,200,143.703000,部分成交
95636000,,30200141831,D_30200141831,128027.SZ,293,111713,SZDDF0_0302_SZ_221539,,开仓,买入,340,143.703000,300,143.703000,部分成交
95636000,,30200141831,D_30200141831,128027.SZ,293,111713,SZDDF0_0302_SZ_221539,,开仓,买入,340,143.703000,340,143.703000,已成
95703000,,30200141831,D_30200141831,128027.SZ,294,111714,SZDDF0_0302_SZ_223276,,平仓,卖出,340,144.290000,0,0.000000,未成交
95703000,,30200141831,D_30200141831,128027.SZ,294,111714,SZDDF0_0302_SZ_223824,,平仓,卖出,340,144.290000,0,0.000000,未成交
95703000,,30200141831,D_30200141831,128027.SZ,294,111714,SZDDF0_0302_SZ_223276,,平仓,卖出,340,144.290000,0,0.000000,已撤单
95714000,,30200141831,D_30200141831,113520.SH,295,111715,SZDDF0_0302_SH_224075,,平仓,卖出,190,128.900000,0,0.000000,未成交
95738000,,30200141831,D_30200141831,113529.SH,296,111716,SZDDF0_0302_SH_224895,,开仓,买入,360,141.720000,0,0.000000,未成交
95739000,,30200141831,D_30200141831,128027.SZ,297,111717,SZDDF0_0302_SZ_224941,,平仓,卖出,340,144.121000,0,0.000000,未成交
95714000,,30200141831,D_30200141831,113520.SH,295,111715,SZDDF0_0302_SH_224973,,平仓,卖出,190,128.900000,0,0.000000,未成交
95714000,,30200141831,D_30200141831,113520.SH,295,111715,SZDDF0_0302_SH_224075,,平仓,卖出,190,128.900000,0,0.000000,已撤单
95741000,,30200141831,D_30200141831,113520.SH,298,111718,SZDDF0_0302_SH_225043,,平仓,卖出,190,128.830000,0,0.000000,未成交
95738000,,30200141831,D_30200141831,113529.SH,296,111716,SZDDF0_0302_SH_225044,,开仓,买入,360,141.720000,0,0.000000,未成交
95738000,,30200141831,D_30200141831,113529.SH,296,111716,SZDDF0_0302_SH_224895,,开仓,买入,360,141.720000,0,0.000000,已撤单
95739000,,30200141831,D_30200141831,128027.SZ,297,111717,SZDDF0_0302_SZ_225372,,平仓,卖出,340,144.121000,0,0.000000,未成交
95739000,,30200141831,D_30200141831,128027.SZ,297,111717,SZDDF0_0302_SZ_224941,,平仓,卖出,340,144.121000,0,0.000000,已撤单
95751000,,30200141831,D_30200141831,128027.SZ,299,111719,SZDDF0_0302_SZ_225435,,平仓,卖出,340,144.087000,0,0.000000,未成交
95741000,,30200141831,D_30200141831,113520.SH,298,111718,SZDDF0_0302_SH_225668,,平仓,卖出,190,128.830000,0,0.000000,未成交
95741000,,30200141831,D_30200141831,113520.SH,298,111718,SZDDF0_0302_SH_225043,,平仓,卖出,190,128.830000,0,0.000000,已撤单
95759000,,30200141831,D_30200141831,113520.SH,300,111720,SZDDF0_0302_SH_225775,,平仓,卖出,190,128.760000,0,0.000000,未成交
95759000,,30200141831,D_30200141831,113520.SH,300,111720,SZDDF0_0302_SH_226500,,平仓,卖出,190,128.760000,0,0.000000,未成交
95759000,,30200141831,D_30200141831,113520.SH,300,111720,SZDDF0_0302_SH_225775,,平仓,卖出,190,128.760000,0,0.000000,已撤单
95811000,,30200141831,D_30200141831,113520.SH,301,111721,SZDDF0_0302_SH_226640,,平仓,卖出,190,128.650000,0,0.000000,未成交
95811000,,30200141831,D_30200141831,113520.SH,301,111721,SZDDF0_0302_SH_226640,,平仓,卖出,190,128.650000,90,128.690000,部分成交
95811000,,30200141831,D_30200141831,113520.SH,301,111721,SZDDF0_0302_SH_227118,,平仓,卖出,190,128.650000,0,0.000000,未成交
95811000,,30200141831,D_30200141831,113520.SH,301,111721,SZDDF0_0302_SH_226640,,平仓,卖出,190,128.650000,90,128.690000,已撤单
95817000,,30200141831,D_30200141831,113520.SH,302,111722,SZDDF0_0302_SH_227289,,平仓,卖出,100,128.550000,0,0.000000,未成交
95817000,,30200141831,D_30200141831,113520.SH,302,111722,SZDDF0_0302_SH_227707,,平仓,卖出,100,128.550000,0,0.000000,未成交
95829000,,30200141831,D_30200141831,113520.SH,303,111723,SZDDF0_0302_SH_227712,,开仓,买入,90,127.860000,0,0.000000,未成交
95817000,,30200141831,D_30200141831,113520.SH,302,111722,SZDDF0_0302_SH_227289,,平仓,卖出,100,128.550000,0,0.000000,已撤单
95829000,,30200141831,D_30200141831,113520.SH,304,111724,SZDDF0_0302_SH_228056,,平仓,卖出,100,128.480000,0,0.000000,未成交
95829000,,30200141831,D_30200141831,113520.SH,304,111724,SZDDF0_0302_SH_228587,,平仓,卖出,100,128.480000,0,0.000000,未成交
95829000,,30200141831,D_30200141831,113520.SH,303,111723,SZDDF0_0302_SH_228588,,开仓,买入,90,127.860000,0,0.000000,未成交
95829000,,30200141831,D_30200141831,113520.SH,303,111723,SZDDF0_0302_SH_227712,,开仓,买入,90,127.860000,0,0.000000,已撤单
95829000,,30200141831,D_30200141831,113520.SH,304,111724,SZDDF0_0302_SH_228056,,平仓,卖出,100,128.480000,0,0.000000,已撤单
95844000,,30200141831,D_30200141831,113520.SH,305,111725,SZDDF0_0302_SH_228925,,平仓,卖出,100,128.410000,0,0.000000,未成交
95844000,,30200141831,D_30200141831,113520.SH,305,111725,SZDDF0_0302_SH_229197,,平仓,卖出,100,128.410000,0,0.000000,未成交
95844000,,30200141831,D_30200141831,113520.SH,305,111725,SZDDF0_0302_SH_228925,,平仓,卖出,100,128.410000,0,0.000000,已撤单
95856000,,30200141831,D_30200141831,113520.SH,306,111726,SZDDF0_0302_SH_229306,,平仓,卖出,100,128.300000,0,0.000000,未成交
95751000,,30200141831,D_30200141831,128027.SZ,299,111719,SZDDF0_0302_SZ_225435,,平仓,卖出,340,144.087000,340,144.087000,已成
95856000,,30200141831,D_30200141831,113520.SH,306,111726,SZDDF0_0302_SH_229306,,平仓,卖出,100,128.300000,100,128.300000,已成
95933000,,30200141831,D_30200141831,128027.SZ,307,111727,SZDDF0_0302_SZ_231413,,开仓,买入,340,144.006000,0,0.000000,未成交
95951000,,30200141831,D_30200141831,128020.SZ,308,111728,SZDDF0_0302_SZ_232302,,开仓,买入,390,128.977000,0,0.000000,未成交
95951000,,30200141831,D_30200141831,128020.SZ,308,111728,SZDDF0_0302_SZ_232594,,开仓,买入,390,128.977000,0,0.000000,未成交
95951000,,30200141831,D_30200141831,128020.SZ,308,111728,SZDDF0_0302_SZ_232302,,开仓,买入,390,128.977000,0,0.000000,已撤单
95933000,,30200141831,D_30200141831,128027.SZ,307,111727,SZDDF0_0302_SZ_233557,,开仓,买入,340,144.006000,0,0.000000,未成交
95933000,,30200141831,D_30200141831,128027.SZ,307,111727,SZDDF0_0302_SZ_231413,,开仓,买入,340,144.006000,0,0.000000,已撤单
100018000,,30200141831,D_30200141831,128020.SZ,309,111729,SZDDF0_0302_SZ_235085,,开仓,买入,390,129.221000,0,0.000000,未成交
100018000,,30200141831,D_30200141831,128020.SZ,309,111729,SZDDF0_0302_SZ_235085,,开仓,买入,390,129.221000,390,129.221000,已成
100036000,,30200141831,D_30200141831,128027.SZ,310,111730,SZDDF0_0302_SZ_237162,,开仓,买入,340,144.343000,0,0.000000,未成交
100045000,,30200141831,D_30200141831,128020.SZ,311,111731,SZDDF0_0302_SZ_238452,,平仓,卖出,390,129.380000,0,0.000000,未成交
100045000,,30200141831,D_30200141831,128020.SZ,311,111731,SZDDF0_0302_SZ_238916,,平仓,卖出,390,129.380000,0,0.000000,未成交
100045000,,30200141831,D_30200141831,128020.SZ,311,111731,SZDDF0_0302_SZ_238452,,平仓,卖出,390,129.380000,0,0.000000,已撤单
100051000,,30200141831,D_30200141831,128020.SZ,312,111732,SZDDF0_0302_SZ_239171,,平仓,卖出,390,128.890000,0,0.000000,未成交
100051000,,30200141831,D_30200141831,128020.SZ,312,111732,SZDDF0_0302_SZ_239171,,平仓,卖出,390,128.890000,60,128.890000,部分成交
100051000,,30200141831,D_30200141831,128020.SZ,312,111732,SZDDF0_0302_SZ_240147,,平仓,卖出,390,128.890000,0,0.000000,未成交
100051000,,30200141831,D_30200141831,128020.SZ,312,111732,SZDDF0_0302_SZ_239171,,平仓,卖出,390,128.890000,60,128.890000,已撤单
100100000,,30200141831,D_30200141831,128020.SZ,313,111733,SZDDF0_0302_SZ_240530,,开仓,买入,60,128.937000,0,0.000000,未成交
100100000,,30200141831,D_30200141831,128020.SZ,313,111733,SZDDF0_0302_SZ_240530,,开仓,买入,60,128.937000,60,128.937000,已成
100111000,,30200141831,D_30200141831,113520.SH,314,111734,SZDDF0_0302_SH_242737,,开仓,买入,190,128.200000,0,0.000000,未成交
100124000,,30200141831,D_30200141831,128020.SZ,315,111735,SZDDF0_0302_SZ_243857,,平仓,卖出,390,128.850000,0,0.000000,未成交
100111000,,30200141831,D_30200141831,113520.SH,314,111734,SZDDF0_0302_SH_244984,,开仓,买入,190,128.200000,0,0.000000,未成交
100111000,,30200141831,D_30200141831,113520.SH,314,111734,SZDDF0_0302_SH_242737,,开仓,买入,190,128.200000,0,0.000000,已撤单
100124000,,30200141831,D_30200141831,128020.SZ,315,111735,SZDDF0_0302_SZ_244997,,平仓,卖出,390,128.850000,0,0.000000,未成交
100124000,,30200141831,D_30200141831,128020.SZ,315,111735,SZDDF0_0302_SZ_243857,,平仓,卖出,390,128.850000,0,0.000000,已撤单
100139000,,30200141831,D_30200141831,128020.SZ,316,111736,SZDDF0_0302_SZ_245210,,平仓,卖出,390,128.890000,0,0.000000,未成交
100036000,,30200141831,D_30200141831,128027.SZ,310,111730,SZDDF0_0302_SZ_237162,,开仓,买入,340,144.343000,100,144.343000,部分成交
100036000,,30200141831,D_30200141831,128027.SZ,310,111730,SZDDF0_0302_SZ_237162,,开仓,买入,340,144.343000,200,144.343000,部分成交
100139000,,30200141831,D_30200141831,128020.SZ,316,111736,SZDDF0_0302_SZ_246298,,平仓,卖出,390,128.890000,0,0.000000,未成交
100139000,,30200141831,D_30200141831,128020.SZ,316,111736,SZDDF0_0302_SZ_245210,,平仓,卖出,390,128.890000,0,0.000000,已撤单
100150000,,30200141831,D_30200141831,113520.SH,317,111737,SZDDF0_0302_SH_246400,,开仓,买入,190,128.550000,0,0.000000,未成交
100154000,,30200141831,D_30200141831,128020.SZ,318,111738,SZDDF0_0302_SZ_246434,,平仓,卖出,390,128.727000,0,0.000000,未成交
100150000,,30200141831,D_30200141831,113520.SH,317,111737,SZDDF0_0302_SH_246400,,开仓,买入,190,128.550000,180,128.550000,部分成交
100154000,,30200141831,D_30200141831,128020.SZ,318,111738,SZDDF0_0302_SZ_247525,,平仓,卖出,390,128.727000,0,0.000000,未成交
100154000,,30200141831,D_30200141831,128020.SZ,318,111738,SZDDF0_0302_SZ_246434,,平仓,卖出,390,128.727000,0,0.000000,已撤单
100203000,,30200141831,D_30200141831,128020.SZ,319,111739,SZDDF0_0302_SZ_247559,,平仓,卖出,390,128.564000,0,0.000000,未成交
100203000,,30200141831,D_30200141831,128020.SZ,319,111739,SZDDF0_0302_SZ_247559,,平仓,卖出,390,128.564000,270,128.707000,部分成交
100036000,,30200141831,D_30200141831,128027.SZ,310,111730,SZDDF0_0302_SZ_237162,,开仓,买入,340,144.343000,210,144.343000,部分成交
100036000,,30200141831,D_30200141831,128027.SZ,310,111730,SZDDF0_0302_SZ_237162,,开仓,买入,340,144.343000,220,144.343000,部分成交
100036000,,30200141831,D_30200141831,128027.SZ,310,111730,SZDDF0_0302_SZ_237162,,开仓,买入,340,144.343000,230,144.343000,部分成交
100036000,,30200141831,D_30200141831,128027.SZ,310,111730,SZDDF0_0302_SZ_237162,,开仓,买入,340,144.343000,310,144.343000,部分成交
100036000,,30200141831,D_30200141831,128027.SZ,310,111730,SZDDF0_0302_SZ_237162,,开仓,买入,340,144.343000,320,144.343000,部分成交
100036000,,30200141831,D_30200141831,128027.SZ,310,111730,SZDDF0_0302_SZ_237162,,开仓,买入,340,144.343000,330,144.343000,部分成交
100036000,,30200141831,D_30200141831,128027.SZ,310,111730,SZDDF0_0302_SZ_237162,,开仓,买入,340,144.343000,340,144.343000,已成
100203000,,30200141831,D_30200141831,128020.SZ,319,111739,SZDDF0_0302_SZ_247559,,平仓,卖出,390,128.564000,390,128.663000,已成
100150000,,30200141831,D_30200141831,113520.SH,317,111737,SZDDF0_0302_SH_250239,,开仓,买入,190,128.550000,0,0.000000,未成交
100150000,,30200141831,D_30200141831,113520.SH,317,111737,SZDDF0_0302_SH_246400,,开仓,买入,190,128.550000,180,128.550000,已撤单
100242000,,30200141831,D_30200141831,123001.SZ,320,111740,SZDDF0_0302_SZ_251063,,开仓,买入,330,148.603000,0,0.000000,未成交
100242000,,30200141831,D_30200141831,123001.SZ,320,111740,SZDDF0_0302_SZ_253078,,开仓,买入,330,148.603000,0,0.000000,未成交
100242000,,30200141831,D_30200141831,123001.SZ,320,111740,SZDDF0_0302_SZ_251063,,开仓,买入,330,148.603000,0,0.000000,已撤单
100309000,,30200141831,D_30200141831,123001.SZ,321,111741,SZDDF0_0302_SZ_253127,,开仓,买入,330,148.835000,0,0.000000,未成交
100317000,,30200141831,D_30200141831,113529.SH,322,111742,SZDDF0_0302_SH_254141,,开仓,买入,360,143.320000,0,0.000000,未成交
100329000,,30200141831,D_30200141831,113520.SH,323,111743,SZDDF0_0302_SH_254574,,开仓,买入,10,128.410000,0,0.000000,未成交
100317000,,30200141831,D_30200141831,113529.SH,322,111742,SZDDF0_0302_SH_255224,,开仓,买入,360,143.320000,0,0.000000,未成交
100317000,,30200141831,D_30200141831,113529.SH,322,111742,SZDDF0_0302_SH_254141,,开仓,买入,360,143.320000,0,0.000000,已撤单
100339000,,30200141831,D_30200141831,128027.SZ,324,111744,SZDDF0_0302_SZ_255449,,平仓,卖出,340,145.067000,0,0.000000,未成交
100339000,,30200141831,D_30200141831,128027.SZ,324,111744,SZDDF0_0302_SZ_255589,,平仓,卖出,340,145.067000,0,0.000000,未成交
100339000,,30200141831,D_30200141831,128027.SZ,324,111744,SZDDF0_0302_SZ_255449,,平仓,卖出,340,145.067000,0,0.000000,已撤单
100329000,,30200141831,D_30200141831,113520.SH,323,111743,SZDDF0_0302_SH_254574,,开仓,买入,10,128.410000,10,128.410000,已成
100503000,,30200141831,D_30200141831,128027.SZ,325,111745,SZDDF0_0302_SZ_262360,,平仓,卖出,340,145.676000,0,0.000000,未成交
100503000,,30200141831,D_30200141831,128027.SZ,325,111745,SZDDF0_0302_SZ_262360,,平仓,卖出,340,145.676000,340,145.676000,已成
100309000,,30200141831,D_30200141831,123001.SZ,321,111741,SZDDF0_0302_SZ_263944,,开仓,买入,330,148.835000,0,0.000000,未成交
100309000,,30200141831,D_30200141831,123001.SZ,321,111741,SZDDF0_0302_SZ_253127,,开仓,买入,330,148.835000,0,0.000000,已撤单
100600000,,30200141831,D_30200141831,128027.SZ,326,111746,SZDDF0_0302_SZ_267176,,开仓,买入,340,144.847000,0,0.000000,未成交
100600000,,30200141831,D_30200141831,128027.SZ,326,111746,SZDDF0_0302_SZ_267346,,开仓,买入,340,144.847000,0,0.000000,未成交
100600000,,30200141831,D_30200141831,128027.SZ,326,111746,SZDDF0_0302_SZ_267176,,开仓,买入,340,144.847000,0,0.000000,已撤单
100612000,,30200141831,D_30200141831,128027.SZ,327,111747,SZDDF0_0302_SZ_267390,,开仓,买入,340,144.948000,0,0.000000,未成交
100612000,,30200141831,D_30200141831,128027.SZ,327,111747,SZDDF0_0302_SZ_268233,,开仓,买入,340,144.948000,0,0.000000,未成交
100612000,,30200141831,D_30200141831,128027.SZ,327,111747,SZDDF0_0302_SZ_267390,,开仓,买入,340,144.948000,0,0.000000,已撤单
100817000,,30200141831,D_30200141831,113520.SH,328,111748,SZDDF0_0302_SH_275711,,平仓,卖出,190,128.580000,0,0.000000,未成交
100830000,,30200141831,D_30200141831,128027.SZ,329,111750,SZDDF0_0302_SZ_275927,,开仓,买入,340,145.217000,0,0.000000,未成交
100817000,,30200141831,D_30200141831,113520.SH,328,111748,SZDDF0_0302_SH_277470,,平仓,卖出,190,128.580000,0,0.000000,未成交
100830000,,30200141831,D_30200141831,128027.SZ,329,111750,SZDDF0_0302_SZ_277474,,开仓,买入,340,145.217000,0,0.000000,未成交
100830000,,30200141831,D_30200141831,128027.SZ,329,111750,SZDDF0_0302_SZ_275927,,开仓,买入,340,145.217000,0,0.000000,已撤单
100817000,,30200141831,D_30200141831,113520.SH,328,111748,SZDDF0_0302_SH_275711,,平仓,卖出,190,128.580000,0,0.000000,已撤单
100850000,,30200141831,D_30200141831,113520.SH,330,111751,SZDDF0_0302_SH_277580,,平仓,卖出,190,128.550000,0,0.000000,未成交
100850000,,30200141831,D_30200141831,113520.SH,330,111751,SZDDF0_0302_SH_282135,,平仓,卖出,190,128.550000,0,0.000000,未成交
100850000,,30200141831,D_30200141831,113520.SH,330,111751,SZDDF0_0302_SH_277580,,平仓,卖出,190,128.550000,0,0.000000,已撤单
100947000,,30200141831,D_30200141831,113520.SH,331,111753,SZDDF0_0302_SH_282822,,平仓,卖出,190,128.480000,0,0.000000,未成交
101030000,,30200141831,D_30200141831,128027.SZ,332,111754,SZDDF0_0302_SZ_287427,,开仓,买入,340,145.217000,0,0.000000,未成交
101030000,,30200141831,D_30200141831,128027.SZ,332,111754,SZDDF0_0302_SZ_288444,,开仓,买入,340,145.217000,0,0.000000,未成交
101030000,,30200141831,D_30200141831,128027.SZ,332,111754,SZDDF0_0302_SZ_287427,,开仓,买入,340,145.217000,0,0.000000,已撤单
101042000,,30200141831,D_30200141831,128027.SZ,333,111755,SZDDF0_0302_SZ_288709,,开仓,买入,340,145.217000,0,0.000000,未成交
101042000,,30200141831,D_30200141831,128027.SZ,333,111755,SZDDF0_0302_SZ_289195,,开仓,买入,340,145.217000,0,0.000000,未成交
101042000,,30200141831,D_30200141831,128027.SZ,333,111755,SZDDF0_0302_SZ_288709,,开仓,买入,340,145.217000,0,0.000000,已撤单
101048000,,30200141831,D_30200141831,128027.SZ,334,111756,SZDDF0_0302_SZ_289401,,开仓,买入,340,145.486000,0,0.000000,未成交
101048000,,30200141831,D_30200141831,128027.SZ,334,111756,SZDDF0_0302_SZ_290077,,开仓,买入,340,145.486000,0,0.000000,未成交
101048000,,30200141831,D_30200141831,128027.SZ,334,111756,SZDDF0_0302_SZ_289401,,开仓,买入,340,145.486000,0,0.000000,已撤单
101057000,,30200141831,D_30200141831,128027.SZ,335,111757,SZDDF0_0302_SZ_290149,,开仓,买入,340,145.554000,0,0.000000,未成交
101057000,,30200141831,D_30200141831,128027.SZ,335,111757,SZDDF0_0302_SZ_290871,,开仓,买入,340,145.554000,0,0.000000,未成交
101057000,,30200141831,D_30200141831,128027.SZ,335,111757,SZDDF0_0302_SZ_290149,,开仓,买入,340,145.554000,0,0.000000,已撤单
101106000,,30200141831,D_30200141831,128027.SZ,336,111758,SZDDF0_0302_SZ_290997,,开仓,买入,340,145.789000,0,0.000000,未成交
101106000,,30200141831,D_30200141831,128027.SZ,336,111758,SZDDF0_0302_SZ_292794,,开仓,买入,340,145.789000,0,0.000000,未成交
101106000,,30200141831,D_30200141831,128027.SZ,336,111758,SZDDF0_0302_SZ_290997,,开仓,买入,340,145.789000,0,0.000000,已撤单
101133000,,30200141831,D_30200141831,128027.SZ,337,111759,SZDDF0_0302_SZ_292965,,开仓,买入,340,145.890000,0,0.000000,未成交
101133000,,30200141831,D_30200141831,128027.SZ,337,111759,SZDDF0_0302_SZ_293612,,开仓,买入,340,145.890000,0,0.000000,未成交
101133000,,30200141831,D_30200141831,128027.SZ,337,111759,SZDDF0_0302_SZ_292965,,开仓,买入,340,145.890000,0,0.000000,已撤单
101239000,,30200141831,D_30200141831,128027.SZ,338,111760,SZDDF0_0302_SZ_296185,,开仓,买入,340,145.755000,0,0.000000,未成交
101239000,,30200141831,D_30200141831,128027.SZ,338,111760,SZDDF0_0302_SZ_297413,,开仓,买入,340,145.755000,0,0.000000,未成交
101239000,,30200141831,D_30200141831,128027.SZ,338,111760,SZDDF0_0302_SZ_296185,,开仓,买入,340,145.755000,0,0.000000,已撤单
101548000,,30200141831,D_30200141831,128027.SZ,339,111768,SZDDF0_0302_SZ_304207,,开仓,买入,340,147.034000,0,0.000000,未成交
101548000,,30200141831,D_30200141831,128027.SZ,339,111768,SZDDF0_0302_SZ_305946,,开仓,买入,340,147.034000,0,0.000000,未成交
101548000,,30200141831,D_30200141831,128027.SZ,339,111768,SZDDF0_0302_SZ_304207,,开仓,买入,340,147.034000,0,0.000000,已撤单
101603000,,30200141831,D_30200141831,128027.SZ,340,111771,SZDDF0_0302_SZ_307428,,开仓,买入,340,147.168000,0,0.000000,未成交
101603000,,30200141831,D_30200141831,128027.SZ,340,111771,SZDDF0_0302_SZ_307999,,开仓,买入,340,147.168000,0,0.000000,未成交
101603000,,30200141831,D_30200141831,128027.SZ,340,111771,SZDDF0_0302_SZ_307428,,开仓,买入,340,147.168000,0,0.000000,已撤单
101621000,,30200141831,D_30200141831,128027.SZ,341,111774,SZDDF0_0302_SZ_308841,,开仓,买入,340,147.034000,0,0.000000,未成交
101621000,,30200141831,D_30200141831,128027.SZ,341,111774,SZDDF0_0302_SZ_308841,,开仓,买入,340,147.034000,340,147.034000,已成
101803000,,30200141831,D_30200141831,128027.SZ,342,111789,SZDDF0_0302_SZ_313256,,平仓,卖出,340,148.719000,0,0.000000,未成交
101803000,,30200141831,D_30200141831,128027.SZ,342,111789,SZDDF0_0302_SZ_313256,,平仓,卖出,340,148.719000,340,148.719000,已成
101815000,,30200141831,D_30200141831,128027.SZ,343,111791,SZDDF0_0302_SZ_313705,,开仓,买入,340,148.278000,0,0.000000,未成交
101815000,,30200141831,D_30200141831,128027.SZ,343,111791,SZDDF0_0302_SZ_313983,,开仓,买入,340,148.278000,0,0.000000,未成交
101815000,,30200141831,D_30200141831,128027.SZ,343,111791,SZDDF0_0302_SZ_313705,,开仓,买入,340,148.278000,0,0.000000,已撤单
100947000,,30200141831,D_30200141831,113520.SH,331,111753,SZDDF0_0302_SH_315090,,平仓,卖出,190,128.480000,0,0.000000,未成交
100947000,,30200141831,D_30200141831,113520.SH,331,111753,SZDDF0_0302_SH_282822,,平仓,卖出,190,128.480000,0,0.000000,已撤单
101853000,,30200141831,D_30200141831,113520.SH,344,111796,SZDDF0_0302_SH_315204,,平仓,卖出,190,128.230000,0,0.000000,未成交
101853000,,30200141831,D_30200141831,113520.SH,344,111796,SZDDF0_0302_SH_315204,,平仓,卖出,190,128.230000,20,128.270000,部分成交
101853000,,30200141831,D_30200141831,113520.SH,344,111796,SZDDF0_0302_SH_315204,,平仓,卖出,190,128.230000,70,128.241400,部分成交
101853000,,30200141831,D_30200141831,113520.SH,344,111796,SZDDF0_0302_SH_318286,,平仓,卖出,190,128.230000,0,0.000000,未成交
101853000,,30200141831,D_30200141831,113520.SH,344,111796,SZDDF0_0302_SH_315204,,平仓,卖出,190,128.230000,70,128.241400,已撤单
102236000,,30200141831,D_30200141831,128027.SZ,345,111806,SZDDF0_0302_SZ_327595,,开仓,买入,340,148.581000,0,0.000000,未成交
102236000,,30200141831,D_30200141831,128027.SZ,345,111806,SZDDF0_0302_SZ_328357,,开仓,买入,340,148.581000,0,0.000000,未成交
102236000,,30200141831,D_30200141831,128027.SZ,345,111806,SZDDF0_0302_SZ_327595,,开仓,买入,340,148.581000,0,0.000000,已撤单
102641000,,30200141831,D_30200141831,113520.SH,346,111807,SZDDF0_0302_SH_337329,,平仓,卖出,120,128.200000,0,0.000000,未成交
102641000,,30200141831,D_30200141831,113520.SH,346,111807,SZDDF0_0302_SH_338557,,平仓,卖出,120,128.200000,0,0.000000,未成交
102641000,,30200141831,D_30200141831,113520.SH,346,111807,SZDDF0_0302_SH_337329,,平仓,卖出,120,128.200000,0,0.000000,已撤单
102717000,,30200141831,D_30200141831,113520.SH,347,111808,SZDDF0_0302_SH_338586,,平仓,卖出,120,128.130000,0,0.000000,未成交
102748000,,30200141831,D_30200141831,128027.SZ,348,111809,SZDDF0_0302_SZ_340094,,开仓,买入,340,148.648000,0,0.000000,未成交
102748000,,30200141831,D_30200141831,128027.SZ,348,111809,SZDDF0_0302_SZ_340094,,开仓,买入,340,148.648000,30,148.601000,部分成交
102748000,,30200141831,D_30200141831,128027.SZ,348,111809,SZDDF0_0302_SZ_340094,,开仓,买入,340,148.648000,300,148.643300,部分成交
102717000,,30200141831,D_30200141831,113520.SH,347,111808,SZDDF0_0302_SH_341074,,平仓,卖出,120,128.130000,0,0.000000,未成交
102748000,,30200141831,D_30200141831,128027.SZ,348,111809,SZDDF0_0302_SZ_341082,,开仓,买入,340,148.648000,0,0.000000,未成交
102748000,,30200141831,D_30200141831,128027.SZ,348,111809,SZDDF0_0302_SZ_340094,,开仓,买入,340,148.648000,300,148.643300,已撤单
102717000,,30200141831,D_30200141831,113520.SH,347,111808,SZDDF0_0302_SH_338586,,平仓,卖出,120,128.130000,0,0.000000,已撤单
102759000,,30200141831,D_30200141831,113520.SH,349,111810,SZDDF0_0302_SH_341147,,平仓,卖出,120,128.060000,0,0.000000,未成交
102759000,,30200141831,D_30200141831,113520.SH,349,111810,SZDDF0_0302_SH_341479,,平仓,卖出,120,128.060000,0,0.000000,未成交
102759000,,30200141831,D_30200141831,113520.SH,349,111810,SZDDF0_0302_SH_341147,,平仓,卖出,120,128.060000,0,0.000000,已撤单
102844000,,30200141831,D_30200141831,113520.SH,350,111811,SZDDF0_0302_SH_342624,,平仓,卖出,120,127.920000,0,0.000000,未成交
102844000,,30200141831,D_30200141831,113520.SH,350,111811,SZDDF0_0302_SH_343316,,平仓,卖出,120,127.920000,0,0.000000,未成交
102844000,,30200141831,D_30200141831,113520.SH,350,111811,SZDDF0_0302_SH_342624,,平仓,卖出,120,127.920000,0,0.000000,已撤单
102914000,,30200141831,D_30200141831,113520.SH,351,111812,SZDDF0_0302_SH_343408,,平仓,卖出,120,127.850000,0,0.000000,未成交
102914000,,30200141831,D_30200141831,113520.SH,351,111812,SZDDF0_0302_SH_344321,,平仓,卖出,120,127.850000,0,0.000000,未成交
102914000,,30200141831,D_30200141831,113520.SH,351,111812,SZDDF0_0302_SH_343408,,平仓,卖出,120,127.850000,0,0.000000,已撤单
102953000,,30200141831,D_30200141831,113520.SH,352,111813,SZDDF0_0302_SH_344821,,平仓,卖出,120,127.680000,0,0.000000,未成交
102953000,,30200141831,D_30200141831,113520.SH,352,111813,SZDDF0_0302_SH_344821,,平仓,卖出,120,127.680000,120,127.710000,已成
103057000,,30200141831,D_30200141831,123001.SZ,353,111814,SZDDF0_0302_SZ_351567,,开仓,买入,330,148.835000,0,0.000000,未成交
103121000,,30200141831,D_30200141831,128027.SZ,354,111815,SZDDF0_0302_SZ_352970,,开仓,买入,40,148.749000,0,0.000000,未成交
103139000,,30200141831,D_30200141831,128027.SZ,355,111816,SZDDF0_0302_SZ_354822,,平仓,卖出,300,149.395000,0,0.000000,未成交
103057000,,30200141831,D_30200141831,123001.SZ,353,111814,SZDDF0_0302_SZ_357071,,开仓,买入,330,148.835000,0,0.000000,未成交
103057000,,30200141831,D_30200141831,123001.SZ,353,111814,SZDDF0_0302_SZ_351567,,开仓,买入,330,148.835000,0,0.000000,已撤单
103139000,,30200141831,D_30200141831,128027.SZ,355,111816,SZDDF0_0302_SZ_357591,,平仓,卖出,300,149.395000,0,0.000000,未成交
103139000,,30200141831,D_30200141831,128027.SZ,355,111816,SZDDF0_0302_SZ_354822,,平仓,卖出,300,149.395000,0,0.000000,已撤单
103203000,,30200141831,D_30200141831,123001.SZ,356,111817,SZDDF0_0302_SZ_358006,,开仓,买入,330,148.835000,0,0.000000,未成交
103203000,,30200141831,D_30200141831,128027.SZ,357,111818,SZDDF0_0302_SZ_358009,,平仓,卖出,300,149.226000,0,0.000000,未成交
103203000,,30200141831,D_30200141831,128027.SZ,357,111818,SZDDF0_0302_SZ_358318,,平仓,卖出,300,149.226000,0,0.000000,未成交
103203000,,30200141831,D_30200141831,128027.SZ,357,111818,SZDDF0_0302_SZ_358009,,平仓,卖出,300,149.226000,0,0.000000,已撤单
103209000,,30200141831,D_30200141831,128027.SZ,358,111819,SZDDF0_0302_SZ_358351,,平仓,卖出,300,149.124000,0,0.000000,未成交
103121000,,30200141831,D_30200141831,128027.SZ,354,111815,SZDDF0_0302_SZ_359224,,开仓,买入,40,148.749000,0,0.000000,未成交
103121000,,30200141831,D_30200141831,128027.SZ,354,111815,SZDDF0_0302_SZ_352970,,开仓,买入,40,148.749000,0,0.000000,已撤单
103209000,,30200141831,D_30200141831,128027.SZ,358,111819,SZDDF0_0302_SZ_360382,,平仓,卖出,300,149.124000,0,0.000000,未成交
103209000,,30200141831,D_30200141831,128027.SZ,358,111819,SZDDF0_0302_SZ_358351,,平仓,卖出,300,149.124000,0,0.000000,已撤单
103236000,,30200141831,D_30200141831,128027.SZ,359,111820,SZDDF0_0302_SZ_360467,,平仓,卖出,300,148.989000,0,0.000000,未成交
103236000,,30200141831,D_30200141831,128027.SZ,359,111820,SZDDF0_0302_SZ_360467,,平仓,卖出,300,148.989000,300,148.990000,已成
103203000,,30200141831,D_30200141831,123001.SZ,356,111817,SZDDF0_0302_SZ_361322,,开仓,买入,330,148.835000,0,0.000000,未成交
103203000,,30200141831,D_30200141831,123001.SZ,356,111817,SZDDF0_0302_SZ_358006,,开仓,买入,330,148.835000,0,0.000000,已撤单
103239000,,30200141831,D_30200141831,123001.SZ,360,111821,SZDDF0_0302_SZ_361561,,开仓,买入,330,148.951000,0,0.000000,未成交
103239000,,30200141831,D_30200141831,123001.SZ,360,111821,SZDDF0_0302_SZ_372787,,开仓,买入,330,148.951000,0,0.000000,未成交
103239000,,30200141831,D_30200141831,123001.SZ,360,111821,SZDDF0_0302_SZ_361561,,开仓,买入,330,148.951000,0,0.000000,已撤单
104211000,,30200141831,D_30200141831,113520.SH,361,111822,SZDDF0_0302_SH_402577,,开仓,买入,190,127.990000,0,0.000000,未成交
104211000,,30200141831,D_30200141831,113520.SH,361,111822,SZDDF0_0302_SH_403035,,开仓,买入,190,127.990000,0,0.000000,未成交
104211000,,30200141831,D_30200141831,113520.SH,361,111822,SZDDF0_0302_SH_402577,,开仓,买入,190,127.990000,0,0.000000,已撤单
104223000,,30200141831,D_30200141831,113520.SH,362,111823,SZDDF0_0302_SH_403321,,开仓,买入,190,128.620000,0,0.000000,未成交
104223000,,30200141831,D_30200141831,113520.SH,362,111823,SZDDF0_0302_SH_403321,,开仓,买入,190,128.620000,190,128.500000,已成
104314000,,30200141831,D_30200141831,113523.SH,363,111824,SZDDF0_0302_SH_406312,,开仓,买入,140,123.840000,0,0.000000,未成交
104318000,,30200141831,D_30200141831,123001.SZ,364,111825,SZDDF0_0302_SZ_406533,,开仓,买入,330,149.299000,0,0.000000,未成交
104400000,,30200141831,D_30200141831,128027.SZ,365,111826,SZDDF0_0302_SZ_408621,,开仓,买入,340,147.370000,0,0.000000,未成交
104400000,,30200141831,D_30200141831,128027.SZ,365,111826,SZDDF0_0302_SZ_410194,,开仓,买入,340,147.370000,0,0.000000,未成交
104400000,,30200141831,D_30200141831,128027.SZ,365,111826,SZDDF0_0302_SZ_408621,,开仓,买入,340,147.370000,0,0.000000,已撤单
104314000,,30200141831,D_30200141831,113523.SH,363,111824,SZDDF0_0302_SH_410872,,开仓,买入,140,123.840000,0,0.000000,未成交
104314000,,30200141831,D_30200141831,113523.SH,363,111824,SZDDF0_0302_SH_406312,,开仓,买入,140,123.840000,0,0.000000,已撤单
104542000,,30200141831,D_30200141831,128027.SZ,366,111827,SZDDF0_0302_SZ_413471,,开仓,买入,340,147.538000,0,0.000000,未成交
104542000,,30200141831,D_30200141831,128027.SZ,366,111827,SZDDF0_0302_SZ_413471,,开仓,买入,340,147.538000,100,147.538000,部分成交
104542000,,30200141831,D_30200141831,128027.SZ,366,111827,SZDDF0_0302_SZ_413471,,开仓,买入,340,147.538000,300,147.538000,部分成交
104542000,,30200141831,D_30200141831,128027.SZ,366,111827,SZDDF0_0302_SZ_413471,,开仓,买入,340,147.538000,340,147.538000,已成
104626000,,30200141831,D_30200141831,113520.SH,367,111828,SZDDF0_0302_SH_414681,,平仓,卖出,190,128.650000,0,0.000000,未成交
104626000,,30200141831,D_30200141831,113520.SH,367,111828,SZDDF0_0302_SH_415167,,平仓,卖出,190,128.650000,0,0.000000,未成交
104626000,,30200141831,D_30200141831,113520.SH,367,111828,SZDDF0_0302_SH_414681,,平仓,卖出,190,128.650000,0,0.000000,已撤单
104653000,,30200141831,D_30200141831,113520.SH,368,111829,SZDDF0_0302_SH_415218,,平仓,卖出,190,128.510000,0,0.000000,未成交
104653000,,30200141831,D_30200141831,113520.SH,368,111829,SZDDF0_0302_SH_415610,,平仓,卖出,190,128.510000,0,0.000000,未成交
104653000,,30200141831,D_30200141831,113520.SH,368,111829,SZDDF0_0302_SH_415218,,平仓,卖出,190,128.510000,0,0.000000,已撤单
104705000,,30200141831,D_30200141831,113520.SH,369,111830,SZDDF0_0302_SH_415658,,平仓,卖出,190,128.410000,0,0.000000,未成交
104318000,,30200141831,D_30200141831,123001.SZ,364,111825,SZDDF0_0302_SZ_415984,,开仓,买入,330,149.299000,0,0.000000,未成交
104318000,,30200141831,D_30200141831,123001.SZ,364,111825,SZDDF0_0302_SZ_406533,,开仓,买入,330,149.299000,0,0.000000,已撤单
104705000,,30200141831,D_30200141831,113520.SH,369,111830,SZDDF0_0302_SH_418440,,平仓,卖出,190,128.410000,0,0.000000,未成交
104705000,,30200141831,D_30200141831,113520.SH,369,111830,SZDDF0_0302_SH_415658,,平仓,卖出,190,128.410000,0,0.000000,已撤单
104802000,,30200141831,D_30200141831,113520.SH,370,111831,SZDDF0_0302_SH_418985,,平仓,卖出,190,128.510000,0,0.000000,未成交
104802000,,30200141831,D_30200141831,113520.SH,370,111831,SZDDF0_0302_SH_419391,,平仓,卖出,190,128.510000,0,0.000000,未成交
104802000,,30200141831,D_30200141831,113520.SH,370,111831,SZDDF0_0302_SH_418985,,平仓,卖出,190,128.510000,0,0.000000,已撤单
104817000,,30200141831,D_30200141831,113520.SH,371,111832,SZDDF0_0302_SH_419471,,平仓,卖出,190,128.410000,0,0.000000,未成交
104817000,,30200141831,D_30200141831,113520.SH,371,111832,SZDDF0_0302_SH_419743,,平仓,卖出,190,128.410000,0,0.000000,未成交
104817000,,30200141831,D_30200141831,113520.SH,371,111832,SZDDF0_0302_SH_419471,,平仓,卖出,190,128.410000,0,0.000000,已撤单
104829000,,30200141831,D_30200141831,113520.SH,372,111833,SZDDF0_0302_SH_419851,,平仓,卖出,190,128.340000,0,0.000000,未成交
104829000,,30200141831,D_30200141831,113520.SH,372,111833,SZDDF0_0302_SH_420145,,平仓,卖出,190,128.340000,0,0.000000,未成交
104829000,,30200141831,D_30200141831,113520.SH,372,111833,SZDDF0_0302_SH_419851,,平仓,卖出,190,128.340000,0,0.000000,已撤单
104844000,,30200141831,D_30200141831,113520.SH,373,111834,SZDDF0_0302_SH_420244,,平仓,卖出,190,128.270000,0,0.000000,未成交
105006000,,30200141831,D_30200141831,128027.SZ,374,111835,SZDDF0_0302_SZ_422179,,平仓,卖出,340,147.873000,0,0.000000,未成交
105006000,,30200141831,D_30200141831,128027.SZ,374,111835,SZDDF0_0302_SZ_422565,,平仓,卖出,340,147.873000,0,0.000000,未成交
105006000,,30200141831,D_30200141831,128027.SZ,374,111835,SZDDF0_0302_SZ_422179,,平仓,卖出,340,147.873000,0,0.000000,已撤单
105012000,,30200141831,D_30200141831,128027.SZ,375,111836,SZDDF0_0302_SZ_422587,,平仓,卖出,340,147.840000,0,0.000000,未成交
105012000,,30200141831,D_30200141831,128027.SZ,375,111836,SZDDF0_0302_SZ_424236,,平仓,卖出,340,147.840000,0,0.000000,未成交
105012000,,30200141831,D_30200141831,128027.SZ,375,111836,SZDDF0_0302_SZ_422587,,平仓,卖出,340,147.840000,0,0.000000,已撤单
104844000,,30200141831,D_30200141831,113520.SH,373,111834,SZDDF0_0302_SH_425008,,平仓,卖出,190,128.270000,0,0.000000,未成交
104844000,,30200141831,D_30200141831,113520.SH,373,111834,SZDDF0_0302_SH_420244,,平仓,卖出,190,128.270000,0,0.000000,已撤单
105115000,,30200141831,D_30200141831,128027.SZ,376,111837,SZDDF0_0302_SZ_425813,,平仓,卖出,340,147.907000,0,0.000000,未成交
105115000,,30200141831,D_30200141831,128027.SZ,376,111837,SZDDF0_0302_SZ_427153,,平仓,卖出,340,147.907000,0,0.000000,未成交
105115000,,30200141831,D_30200141831,128027.SZ,376,111837,SZDDF0_0302_SZ_425813,,平仓,卖出,340,147.907000,0,0.000000,已撤单
105130000,,30200141831,D_30200141831,128027.SZ,377,111838,SZDDF0_0302_SZ_427365,,平仓,卖出,340,147.840000,0,0.000000,未成交
105130000,,30200141831,D_30200141831,128027.SZ,377,111838,SZDDF0_0302_SZ_430249,,平仓,卖出,340,147.840000,0,0.000000,未成交
105130000,,30200141831,D_30200141831,128027.SZ,377,111838,SZDDF0_0302_SZ_427365,,平仓,卖出,340,147.840000,0,0.000000,已撤单
105206000,,30200141831,D_30200141831,128027.SZ,378,111839,SZDDF0_0302_SZ_431142,,平仓,卖出,340,147.502000,0,0.000000,未成交
105206000,,30200141831,D_30200141831,128027.SZ,378,111839,SZDDF0_0302_SZ_431142,,平仓,卖出,340,147.502000,20,147.502000,部分成交
105206000,,30200141831,D_30200141831,128027.SZ,378,111839,SZDDF0_0302_SZ_432700,,平仓,卖出,340,147.502000,0,0.000000,未成交
105206000,,30200141831,D_30200141831,128027.SZ,378,111839,SZDDF0_0302_SZ_431142,,平仓,卖出,340,147.502000,20,147.502000,已撤单
105251000,,30200141831,D_30200141831,128027.SZ,379,111840,SZDDF0_0302_SZ_432717,,平仓,卖出,320,147.434000,0,0.000000,未成交
105251000,,30200141831,D_30200141831,128027.SZ,379,111840,SZDDF0_0302_SZ_433210,,平仓,卖出,320,147.434000,0,0.000000,未成交
105251000,,30200141831,D_30200141831,128027.SZ,379,111840,SZDDF0_0302_SZ_432717,,平仓,卖出,320,147.434000,0,0.000000,已撤单
105312000,,30200141831,D_30200141831,128027.SZ,380,111841,SZDDF0_0302_SZ_433255,,平仓,卖出,320,146.690000,0,0.000000,未成交
105312000,,30200141831,D_30200141831,128027.SZ,380,111841,SZDDF0_0302_SZ_433255,,平仓,卖出,320,146.690000,320,147.002000,已成
105444000,,30200141831,D_30200141831,113520.SH,381,111842,SZDDF0_0302_SH_435905,,平仓,卖出,190,128.860000,0,0.000000,未成交
105444000,,30200141831,D_30200141831,113520.SH,381,111842,SZDDF0_0302_SH_436148,,平仓,卖出,190,128.860000,0,0.000000,未成交
105444000,,30200141831,D_30200141831,113520.SH,381,111842,SZDDF0_0302_SH_435905,,平仓,卖出,190,128.860000,0,0.000000,已撤单
105456000,,30200141831,D_30200141831,113520.SH,382,111843,SZDDF0_0302_SH_436214,,平仓,卖出,190,128.760000,0,0.000000,未成交
105456000,,30200141831,D_30200141831,113520.SH,382,111843,SZDDF0_0302_SH_436589,,平仓,卖出,190,128.760000,0,0.000000,未成交
105456000,,30200141831,D_30200141831,113520.SH,382,111843,SZDDF0_0302_SH_436214,,平仓,卖出,190,128.760000,0,0.000000,已撤单
105514000,,30200141831,D_30200141831,113520.SH,383,111844,SZDDF0_0302_SH_436648,,平仓,卖出,190,128.690000,0,0.000000,未成交
105514000,,30200141831,D_30200141831,113520.SH,383,111844,SZDDF0_0302_SH_436648,,平仓,卖出,190,128.690000,60,128.690000,部分成交
105514000,,30200141831,D_30200141831,113520.SH,383,111844,SZDDF0_0302_SH_436648,,平仓,卖出,190,128.690000,160,128.690000,部分成交
105514000,,30200141831,D_30200141831,113520.SH,383,111844,SZDDF0_0302_SH_436648,,平仓,卖出,190,128.690000,190,128.690000,已成
110115000,,30200141831,D_30200141831,128027.SZ,384,111845,SZDDF0_0302_SZ_446842,,开仓,买入,340,146.630000,0,0.000000,未成交
110115000,,30200141831,D_30200141831,128027.SZ,384,111845,SZDDF0_0302_SZ_448259,,开仓,买入,340,146.630000,0,0.000000,未成交
110115000,,30200141831,D_30200141831,128027.SZ,384,111845,SZDDF0_0302_SZ_446842,,开仓,买入,340,146.630000,0,0.000000,已撤单
110620000,,30200141831,D_30200141831,113520.SH,385,111846,SZDDF0_0302_SH_462206,,开仓,买入,190,128.030000,0,0.000000,未成交
110620000,,30200141831,D_30200141831,113520.SH,385,111846,SZDDF0_0302_SH_463102,,开仓,买入,190,128.030000,0,0.000000,未成交
110620000,,30200141831,D_30200141831,113520.SH,385,111846,SZDDF0_0302_SH_462206,,开仓,买入,190,128.030000,0,0.000000,已撤单
111008000,,30200141831,D_30200141831,113523.SH,386,111849,SZDDF0_0302_SH_469229,,开仓,买入,140,123.780000,0,0.000000,未成交
111008000,,30200141831,D_30200141831,113523.SH,386,111849,SZDDF0_0302_SH_471660,,开仓,买入,140,123.780000,0,0.000000,未成交
111008000,,30200141831,D_30200141831,113523.SH,386,111849,SZDDF0_0302_SH_469229,,开仓,买入,140,123.780000,0,0.000000,已撤单
111111000,,30200141831,D_30200141831,113523.SH,387,111850,SZDDF0_0302_SH_471727,,开仓,买入,140,123.840000,0,0.000000,未成交
111111000,,30200141831,D_30200141831,113523.SH,387,111850,SZDDF0_0302_SH_472139,,开仓,买入,140,123.840000,0,0.000000,未成交
111111000,,30200141831,D_30200141831,113523.SH,387,111850,SZDDF0_0302_SH_471727,,开仓,买入,140,123.840000,0,0.000000,已撤单
111129000,,30200141831,D_30200141831,113523.SH,388,111851,SZDDF0_0302_SH_472209,,开仓,买入,140,123.890000,0,0.000000,未成交
111129000,,30200141831,D_30200141831,113523.SH,388,111851,SZDDF0_0302_SH_472209,,开仓,买入,140,123.890000,140,123.890000,已成
111821000,,30200141831,D_30200141831,128027.SZ,389,111852,SZDDF0_0302_SZ_481025,,开仓,买入,340,146.462000,0,0.000000,未成交
111821000,,30200141831,D_30200141831,128027.SZ,389,111852,SZDDF0_0302_SZ_481390,,开仓,买入,340,146.462000,0,0.000000,未成交
111821000,,30200141831,D_30200141831,128027.SZ,389,111852,SZDDF0_0302_SZ_481025,,开仓,买入,340,146.462000,0,0.000000,已撤单
112008000,,30200141831,D_30200141831,113523.SH,390,111853,SZDDF0_0302_SH_484566,,平仓,卖出,140,123.810000,0,0.000000,未成交
112008000,,30200141831,D_30200141831,113523.SH,390,111853,SZDDF0_0302_SH_484566,,平仓,卖出,140,123.810000,80,123.810000,部分成交
112008000,,30200141831,D_30200141831,113523.SH,390,111853,SZDDF0_0302_SH_484566,,平仓,卖出,140,123.810000,140,123.810000,已成
112242000,,30200141831,D_30200141831,128027.SZ,391,111854,SZDDF0_0302_SZ_488765,,开仓,买入,340,146.428000,0,0.000000,未成交
112242000,,30200141831,D_30200141831,128027.SZ,391,111854,SZDDF0_0302_SZ_489497,,开仓,买入,340,146.428000,0,0.000000,未成交
112242000,,30200141831,D_30200141831,128027.SZ,391,111854,SZDDF0_0302_SZ_488765,,开仓,买入,340,146.428000,0,0.000000,已撤单
112548000,,30200141831,D_30200141831,128027.SZ,392,111855,SZDDF0_0302_SZ_493215,,开仓,买入,340,146.731000,0,0.000000,未成交
112548000,,30200141831,D_30200141831,128027.SZ,392,111855,SZDDF0_0302_SZ_493530,,开仓,买入,340,146.731000,0,0.000000,未成交
112548000,,30200141831,D_30200141831,128027.SZ,392,111855,SZDDF0_0302_SZ_493215,,开仓,买入,340,146.731000,0,0.000000,已撤单
130048000,,30200141831,D_30200141831,128027.SZ,393,111856,SZDDF0_0302_SZ_505637,,开仓,买入,340,145.823000,0,0.000000,未成交
130050000,,30200141831,D_30200141831,113520.SH,394,111857,SZDDF0_0302_SH_505754,,开仓,买入,190,128.760000,0,0.000000,未成交
130048000,,30200141831,D_30200141831,128027.SZ,393,111856,SZDDF0_0302_SZ_506308,,开仓,买入,340,145.823000,0,0.000000,未成交
130048000,,30200141831,D_30200141831,128027.SZ,393,111856,SZDDF0_0302_SZ_505637,,开仓,买入,340,145.823000,0,0.000000,已撤单
130103000,,30200141831,D_30200141831,128027.SZ,395,111858,SZDDF0_0302_SZ_506551,,开仓,买入,340,145.856000,0,0.000000,未成交
130103000,,30200141831,D_30200141831,128027.SZ,395,111858,SZDDF0_0302_SZ_507066,,开仓,买入,340,145.856000,0,0.000000,未成交
130103000,,30200141831,D_30200141831,128027.SZ,395,111858,SZDDF0_0302_SZ_506551,,开仓,买入,340,145.856000,0,0.000000,已撤单
130050000,,30200141831,D_30200141831,113520.SH,394,111857,SZDDF0_0302_SH_505754,,开仓,买入,190,128.760000,20,128.760000,部分成交
130050000,,30200141831,D_30200141831,113520.SH,394,111857,SZDDF0_0302_SH_505754,,开仓,买入,190,128.760000,30,128.760000,部分成交
130200000,,30200141831,D_30200141831,128027.SZ,396,111859,SZDDF0_0302_SZ_509721,,开仓,买入,340,145.957000,0,0.000000,未成交
130050000,,30200141831,D_30200141831,113520.SH,394,111857,SZDDF0_0302_SH_505754,,开仓,买入,190,128.760000,40,128.760000,部分成交
130200000,,30200141831,D_30200141831,128027.SZ,396,111859,SZDDF0_0302_SZ_509721,,开仓,买入,340,145.957000,100,145.957000,部分成交
130200000,,30200141831,D_30200141831,128027.SZ,396,111859,SZDDF0_0302_SZ_509721,,开仓,买入,340,145.957000,170,145.957000,部分成交
130200000,,30200141831,D_30200141831,128027.SZ,396,111859,SZDDF0_0302_SZ_510687,,开仓,买入,340,145.957000,0,0.000000,未成交
130200000,,30200141831,D_30200141831,128027.SZ,396,111859,SZDDF0_0302_SZ_509721,,开仓,买入,340,145.957000,170,145.957000,已撤单
130050000,,30200141831,D_30200141831,113520.SH,394,111857,SZDDF0_0302_SH_510860,,开仓,买入,190,128.760000,0,0.000000,未成交
130050000,,30200141831,D_30200141831,113520.SH,394,111857,SZDDF0_0302_SH_505754,,开仓,买入,190,128.760000,40,128.760000,已撤单
130227000,,30200141831,D_30200141831,128027.SZ,397,111860,SZDDF0_0302_SZ_510880,,平仓,卖出,170,145.777000,0,0.000000,未成交
130227000,,30200141831,D_30200141831,128027.SZ,397,111860,SZDDF0_0302_SZ_510880,,平仓,卖出,170,145.777000,50,145.930000,部分成交
130227000,,30200141831,D_30200141831,128027.SZ,397,111860,SZDDF0_0302_SZ_510880,,平仓,卖出,170,145.777000,70,145.898500,部分成交
130227000,,30200141831,D_30200141831,128027.SZ,397,111860,SZDDF0_0302_SZ_510880,,平仓,卖出,170,145.777000,120,145.865800,部分成交
130227000,,30200141831,D_30200141831,128027.SZ,397,111860,SZDDF0_0302_SZ_510880,,平仓,卖出,170,145.777000,170,145.839700,已成
130226000,,30200141831,D_30200141831,113520.SH,398,111861,SZDDF0_0302_SH_510904,,开仓,买入,150,128.900000,0,0.000000,未成交
130226000,,30200141831,D_30200141831,113520.SH,398,111861,SZDDF0_0302_SH_510904,,开仓,买入,150,128.900000,30,128.900000,部分成交
130226000,,30200141831,D_30200141831,113520.SH,398,111861,SZDDF0_0302_SH_510904,,开仓,买入,150,128.900000,40,128.900000,部分成交
130226000,,30200141831,D_30200141831,113520.SH,398,111861,SZDDF0_0302_SH_512909,,开仓,买入,150,128.900000,0,0.000000,未成交
130226000,,30200141831,D_30200141831,113520.SH,398,111861,SZDDF0_0302_SH_510904,,开仓,买入,150,128.900000,40,128.900000,已撤单
130308000,,30200141831,D_30200141831,113520.SH,399,111862,SZDDF0_0302_SH_512992,,开仓,买入,110,128.970000,0,0.000000,未成交
130308000,,30200141831,D_30200141831,113520.SH,399,111862,SZDDF0_0302_SH_512992,,开仓,买入,110,128.970000,30,128.970000,部分成交
130308000,,30200141831,D_30200141831,113520.SH,399,111862,SZDDF0_0302_SH_512992,,开仓,买入,110,128.970000,40,128.970000,部分成交
130308000,,30200141831,D_30200141831,113520.SH,399,111862,SZDDF0_0302_SH_512992,,开仓,买入,110,128.970000,100,128.970000,部分成交
130308000,,30200141831,D_30200141831,113520.SH,399,111862,SZDDF0_0302_SH_512992,,开仓,买入,110,128.970000,110,128.970000,已成
130448000,,30200141831,D_30200141831,128027.SZ,400,111863,SZDDF0_0302_SZ_515932,,开仓,买入,340,145.453000,0,0.000000,未成交
130448000,,30200141831,D_30200141831,128027.SZ,400,111863,SZDDF0_0302_SZ_515932,,开仓,买入,340,145.453000,80,145.453000,部分成交
130448000,,30200141831,D_30200141831,128027.SZ,400,111863,SZDDF0_0302_SZ_516272,,开仓,买入,340,145.453000,0,0.000000,未成交
130448000,,30200141831,D_30200141831,128027.SZ,400,111863,SZDDF0_0302_SZ_515932,,开仓,买入,340,145.453000,80,145.453000,已撤单
130500000,,30200141831,D_30200141831,128027.SZ,401,111864,SZDDF0_0302_SZ_516307,,开仓,买入,260,145.688000,0,0.000000,未成交
130500000,,30200141831,D_30200141831,128027.SZ,401,111864,SZDDF0_0302_SZ_516307,,开仓,买入,260,145.688000,100,145.688000,部分成交
130500000,,30200141831,D_30200141831,128027.SZ,401,111864,SZDDF0_0302_SZ_516756,,开仓,买入,260,145.688000,0,0.000000,未成交
130500000,,30200141831,D_30200141831,128027.SZ,401,111864,SZDDF0_0302_SZ_516307,,开仓,买入,260,145.688000,100,145.688000,已撤单
130515000,,30200141831,D_30200141831,128027.SZ,402,111865,SZDDF0_0302_SZ_516775,,开仓,买入,160,145.755000,0,0.000000,未成交
130515000,,30200141831,D_30200141831,128027.SZ,402,111865,SZDDF0_0302_SZ_516940,,开仓,买入,160,145.755000,0,0.000000,未成交
130515000,,30200141831,D_30200141831,128027.SZ,402,111865,SZDDF0_0302_SZ_516775,,开仓,买入,160,145.755000,0,0.000000,已撤单
130609000,,30200141831,D_30200141831,128027.SZ,403,111866,SZDDF0_0302_SZ_517946,,开仓,买入,160,145.453000,0,0.000000,未成交
130611000,,30200141831,D_30200141831,113520.SH,404,111867,SZDDF0_0302_SH_517980,,平仓,卖出,190,130.050000,0,0.000000,未成交
130611000,,30200141831,D_30200141831,113520.SH,404,111867,SZDDF0_0302_SH_517980,,平仓,卖出,190,130.050000,190,130.130000,已成
130609000,,30200141831,D_30200141831,128027.SZ,403,111866,SZDDF0_0302_SZ_518070,,开仓,买入,160,145.453000,0,0.000000,未成交
130609000,,30200141831,D_30200141831,128027.SZ,403,111866,SZDDF0_0302_SZ_517946,,开仓,买入,160,145.453000,0,0.000000,已撤单
130618000,,30200141831,D_30200141831,128027.SZ,405,111868,SZDDF0_0302_SZ_518100,,开仓,买入,160,145.823000,0,0.000000,未成交
130618000,,30200141831,D_30200141831,128027.SZ,405,111868,SZDDF0_0302_SZ_518100,,开仓,买入,160,145.823000,160,145.823000,已成
130641000,,30200141831,D_30200141831,113520.SH,406,111869,SZDDF0_0302_SH_518583,,开仓,买入,190,130.010000,0,0.000000,未成交
130641000,,30200141831,D_30200141831,113520.SH,406,111869,SZDDF0_0302_SH_518723,,开仓,买入,190,130.010000,0,0.000000,未成交
130641000,,30200141831,D_30200141831,113520.SH,406,111869,SZDDF0_0302_SH_518583,,开仓,买入,190,130.010000,0,0.000000,已撤单
130647000,,30200141831,D_30200141831,113520.SH,407,111870,SZDDF0_0302_SH_518802,,开仓,买入,190,129.590000,0,0.000000,未成交
130647000,,30200141831,D_30200141831,113520.SH,407,111870,SZDDF0_0302_SH_518896,,开仓,买入,190,129.590000,0,0.000000,未成交
130647000,,30200141831,D_30200141831,113520.SH,407,111870,SZDDF0_0302_SH_518802,,开仓,买入,190,129.590000,0,0.000000,已撤单
130654000,,30200141831,D_30200141831,128027.SZ,408,111871,SZDDF0_0302_SZ_518904,,平仓,卖出,340,146.014000,0,0.000000,未成交
130653000,,30200141831,D_30200141831,113520.SH,409,111872,SZDDF0_0302_SH_518963,,开仓,买入,190,130.080000,0,0.000000,未成交
130654000,,30200141831,D_30200141831,128027.SZ,408,111871,SZDDF0_0302_SZ_519041,,平仓,卖出,340,146.014000,0,0.000000,未成交
130654000,,30200141831,D_30200141831,128027.SZ,408,111871,SZDDF0_0302_SZ_518904,,平仓,卖出,340,146.014000,0,0.000000,已撤单
130700000,,30200141831,D_30200141831,128027.SZ,410,111873,SZDDF0_0302_SZ_519069,,平仓,卖出,340,145.980000,0,0.000000,未成交
130653000,,30200141831,D_30200141831,113520.SH,409,111872,SZDDF0_0302_SH_519193,,开仓,买入,190,130.080000,0,0.000000,未成交
130653000,,30200141831,D_30200141831,113520.SH,409,111872,SZDDF0_0302_SH_518963,,开仓,买入,190,130.080000,0,0.000000,已撤单
130700000,,30200141831,D_30200141831,128027.SZ,410,111873,SZDDF0_0302_SZ_519808,,平仓,卖出,340,145.980000,0,0.000000,未成交
130700000,,30200141831,D_30200141831,128027.SZ,410,111873,SZDDF0_0302_SZ_519069,,平仓,卖出,340,145.980000,0,0.000000,已撤单
130833000,,30200141831,D_30200141831,128027.SZ,411,111874,SZDDF0_0302_SZ_521565,,平仓,卖出,340,145.811000,0,0.000000,未成交
130833000,,30200141831,D_30200141831,128027.SZ,411,111874,SZDDF0_0302_SZ_521637,,平仓,卖出,340,145.811000,0,0.000000,未成交
130833000,,30200141831,D_30200141831,128027.SZ,411,111874,SZDDF0_0302_SZ_521565,,平仓,卖出,340,145.811000,0,0.000000,已撤单
131147000,,30200141831,D_30200141831,113523.SH,412,111875,SZDDF0_0302_SH_528270,,开仓,买入,140,124.230000,0,0.000000,未成交
131147000,,30200141831,D_30200141831,113523.SH,412,111875,SZDDF0_0302_SH_528950,,开仓,买入,140,124.230000,0,0.000000,未成交
131147000,,30200141831,D_30200141831,113523.SH,412,111875,SZDDF0_0302_SH_528270,,开仓,买入,140,124.230000,0,0.000000,已撤单
131223000,,30200141831,D_30200141831,113523.SH,413,111876,SZDDF0_0302_SH_529151,,开仓,买入,140,124.400000,0,0.000000,未成交
131223000,,30200141831,D_30200141831,113523.SH,413,111876,SZDDF0_0302_SH_529151,,开仓,买入,140,124.400000,110,124.400000,部分成交
131223000,,30200141831,D_30200141831,113523.SH,413,111876,SZDDF0_0302_SH_532109,,开仓,买入,140,124.400000,0,0.000000,未成交
131223000,,30200141831,D_30200141831,113523.SH,413,111876,SZDDF0_0302_SH_529151,,开仓,买入,140,124.400000,110,124.400000,已撤单
131341000,,30200141831,D_30200141831,113520.SH,414,111877,SZDDF0_0302_SH_532228,,开仓,买入,190,129.730000,0,0.000000,未成交
131341000,,30200141831,D_30200141831,113520.SH,414,111877,SZDDF0_0302_SH_533362,,开仓,买入,190,129.730000,0,0.000000,未成交
131341000,,30200141831,D_30200141831,113520.SH,414,111877,SZDDF0_0302_SH_532228,,开仓,买入,190,129.730000,0,0.000000,已撤单
131417000,,30200141831,D_30200141831,113523.SH,415,111878,SZDDF0_0302_SH_534009,,开仓,买入,30,124.350000,0,0.000000,未成交
131606000,,30200141831,D_30200141831,128027.SZ,416,111879,SZDDF0_0302_SZ_537333,,平仓,卖出,340,146.690000,0,0.000000,未成交
131606000,,30200141831,D_30200141831,128027.SZ,416,111879,SZDDF0_0302_SZ_539421,,平仓,卖出,340,146.690000,0,0.000000,未成交
131606000,,30200141831,D_30200141831,128027.SZ,416,111879,SZDDF0_0302_SZ_537333,,平仓,卖出,340,146.690000,0,0.000000,已撤单
131417000,,30200141831,D_30200141831,113523.SH,415,111878,SZDDF0_0302_SH_534009,,开仓,买入,30,124.350000,30,124.350000,已成
131656000,,30200141831,D_30200141831,113520.SH,417,111880,SZDDF0_0302_SH_540131,,开仓,买入,190,129.520000,0,0.000000,未成交
131656000,,30200141831,D_30200141831,113520.SH,417,111880,SZDDF0_0302_SH_540131,,开仓,买入,190,129.520000,60,129.520000,部分成交
131656000,,30200141831,D_30200141831,113520.SH,417,111880,SZDDF0_0302_SH_540131,,开仓,买入,190,129.520000,80,129.520000,部分成交
131656000,,30200141831,D_30200141831,113520.SH,417,111880,SZDDF0_0302_SH_540131,,开仓,买入,190,129.520000,90,129.520000,部分成交
131656000,,30200141831,D_30200141831,113520.SH,417,111880,SZDDF0_0302_SH_540131,,开仓,买入,190,129.520000,150,129.520000,部分成交
131656000,,30200141831,D_30200141831,113520.SH,417,111880,SZDDF0_0302_SH_540131,,开仓,买入,190,129.520000,180,129.520000,部分成交
131656000,,30200141831,D_30200141831,113520.SH,417,111880,SZDDF0_0302_SH_540131,,开仓,买入,190,129.520000,190,129.520000,已成
131824000,,30200141831,D_30200141831,128027.SZ,418,111881,SZDDF0_0302_SZ_542318,,开仓,买入,340,146.092000,0,0.000000,未成交
131824000,,30200141831,D_30200141831,128027.SZ,418,111881,SZDDF0_0302_SZ_542531,,开仓,买入,340,146.092000,0,0.000000,未成交
131824000,,30200141831,D_30200141831,128027.SZ,418,111881,SZDDF0_0302_SZ_542318,,开仓,买入,340,146.092000,0,0.000000,已撤单
132047000,,30200141831,D_30200141831,113520.SH,419,111882,SZDDF0_0302_SH_547274,,平仓,卖出,190,129.840000,0,0.000000,未成交
132047000,,30200141831,D_30200141831,113520.SH,419,111882,SZDDF0_0302_SH_548331,,平仓,卖出,190,129.840000,0,0.000000,未成交
132047000,,30200141831,D_30200141831,113520.SH,419,111882,SZDDF0_0302_SH_547274,,平仓,卖出,190,129.840000,0,0.000000,已撤单
132211000,,30200141831,D_30200141831,113520.SH,420,111883,SZDDF0_0302_SH_553138,,平仓,卖出,190,129.880000,0,0.000000,未成交
132211000,,30200141831,D_30200141831,113520.SH,420,111883,SZDDF0_0302_SH_553138,,平仓,卖出,190,129.880000,80,129.880000,部分成交
132211000,,30200141831,D_30200141831,113520.SH,420,111883,SZDDF0_0302_SH_553138,,平仓,卖出,190,129.880000,190,129.880000,已成
132550000,,30200141831,D_30200141831,113523.SH,421,111884,SZDDF0_0302_SH_559456,,平仓,卖出,140,124.640000,0,0.000000,未成交
132609000,,30200141831,D_30200141831,128027.SZ,422,111885,SZDDF0_0302_SZ_559823,,平仓,卖出,340,146.555000,0,0.000000,未成交
132550000,,30200141831,D_30200141831,113523.SH,421,111884,SZDDF0_0302_SH_559456,,平仓,卖出,140,124.640000,10,124.640000,部分成交
132609000,,30200141831,D_30200141831,128027.SZ,422,111885,SZDDF0_0302_SZ_559823,,平仓,卖出,340,146.555000,340,146.555000,已成
132550000,,30200141831,D_30200141831,113523.SH,421,111884,SZDDF0_0302_SH_561093,,平仓,卖出,140,124.640000,0,0.000000,未成交
132550000,,30200141831,D_30200141831,113523.SH,421,111884,SZDDF0_0302_SH_559456,,平仓,卖出,140,124.640000,10,124.640000,已撤单
132702000,,30200141831,D_30200141831,113523.SH,423,111888,SZDDF0_0302_SH_561155,,平仓,卖出,130,124.610000,0,0.000000,未成交
132702000,,30200141831,D_30200141831,113523.SH,423,111888,SZDDF0_0302_SH_561155,,平仓,卖出,130,124.610000,90,124.610000,部分成交
132702000,,30200141831,D_30200141831,113523.SH,423,111888,SZDDF0_0302_SH_561155,,平仓,卖出,130,124.610000,100,124.610000,部分成交
132833000,,30200141831,D_30200141831,128027.SZ,424,111889,SZDDF0_0302_SZ_564276,,开仓,买入,340,146.899000,0,0.000000,未成交
132833000,,30200141831,D_30200141831,128027.SZ,424,111889,SZDDF0_0302_SZ_564583,,开仓,买入,340,146.899000,0,0.000000,未成交
132833000,,30200141831,D_30200141831,128027.SZ,424,111889,SZDDF0_0302_SZ_564276,,开仓,买入,340,146.899000,0,0.000000,已撤单
132845000,,30200141831,D_30200141831,128027.SZ,425,111890,SZDDF0_0302_SZ_564631,,开仓,买入,340,147.101000,0,0.000000,未成交
132845000,,30200141831,D_30200141831,128027.SZ,425,111890,SZDDF0_0302_SZ_564742,,开仓,买入,340,147.101000,0,0.000000,未成交
132845000,,30200141831,D_30200141831,128027.SZ,425,111890,SZDDF0_0302_SZ_564631,,开仓,买入,340,147.101000,0,0.000000,已撤单
132851000,,30200141831,D_30200141831,128027.SZ,426,111891,SZDDF0_0302_SZ_564759,,开仓,买入,340,147.269000,0,0.000000,未成交
132851000,,30200141831,D_30200141831,128027.SZ,426,111891,SZDDF0_0302_SZ_564759,,开仓,买入,340,147.269000,100,147.269000,部分成交
132851000,,30200141831,D_30200141831,128027.SZ,426,111891,SZDDF0_0302_SZ_564759,,开仓,买入,340,147.269000,109,147.269000,部分成交
132851000,,30200141831,D_30200141831,128027.SZ,426,111891,SZDDF0_0302_SZ_564759,,开仓,买入,340,147.269000,115,147.269000,部分成交
132851000,,30200141831,D_30200141831,128027.SZ,426,111891,SZDDF0_0302_SZ_564759,,开仓,买入,340,147.269000,155,147.269000,部分成交
132851000,,30200141831,D_30200141831,128027.SZ,426,111891,SZDDF0_0302_SZ_566165,,开仓,买入,340,147.269000,0,0.000000,未成交
132851000,,30200141831,D_30200141831,128027.SZ,426,111891,SZDDF0_0302_SZ_564759,,开仓,买入,340,147.269000,155,147.269000,已撤单
132936000,,30200141831,D_30200141831,128027.SZ,427,111892,SZDDF0_0302_SZ_566697,,平仓,卖出,155,146.961000,0,0.000000,未成交
132936000,,30200141831,D_30200141831,128027.SZ,427,111892,SZDDF0_0302_SZ_566697,,平仓,卖出,155,146.961000,10,147.160000,部分成交
132936000,,30200141831,D_30200141831,128027.SZ,427,111892,SZDDF0_0302_SZ_566697,,平仓,卖出,155,146.961000,155,147.113200,已成
132942000,,30200141831,D_30200141831,128027.SZ,428,111893,SZDDF0_0302_SZ_566991,,开仓,买入,340,147.202000,0,0.000000,未成交
132942000,,30200141831,D_30200141831,128027.SZ,428,111893,SZDDF0_0302_SZ_566991,,开仓,买入,340,147.202000,30,147.202000,部分成交
132942000,,30200141831,D_30200141831,128027.SZ,428,111893,SZDDF0_0302_SZ_567124,,开仓,买入,340,147.202000,0,0.000000,未成交
132942000,,30200141831,D_30200141831,128027.SZ,428,111893,SZDDF0_0302_SZ_566991,,开仓,买入,340,147.202000,30,147.202000,已撤单
132953000,,30200141831,D_30200141831,113520.SH,429,111894,SZDDF0_0302_SH_567400,,开仓,买入,190,129.590000,0,0.000000,未成交
132951000,,30200141831,D_30200141831,128027.SZ,430,111895,SZDDF0_0302_SZ_567456,,平仓,卖出,30,147.265000,0,0.000000,未成交
132951000,,30200141831,D_30200141831,128027.SZ,430,111895,SZDDF0_0302_SZ_567456,,平仓,卖出,30,147.265000,30,147.265000,已成
132953000,,30200141831,D_30200141831,113520.SH,429,111894,SZDDF0_0302_SH_568126,,开仓,买入,190,129.590000,0,0.000000,未成交
132953000,,30200141831,D_30200141831,113520.SH,429,111894,SZDDF0_0302_SH_567400,,开仓,买入,190,129.590000,0,0.000000,已撤单
132702000,,30200141831,D_30200141831,113523.SH,423,111888,SZDDF0_0302_SH_568823,,平仓,卖出,130,124.610000,0,0.000000,未成交
132702000,,30200141831,D_30200141831,113523.SH,423,111888,SZDDF0_0302_SH_561155,,平仓,卖出,130,124.610000,100,124.610000,已撤单
133002000,,30200141831,D_30200141831,113523.SH,431,111896,SZDDF0_0302_SH_568948,,平仓,卖出,30,124.440000,0,0.000000,未成交
133002000,,30200141831,D_30200141831,113523.SH,431,111896,SZDDF0_0302_SH_568948,,平仓,卖出,30,124.440000,30,124.440000,已成
133230000,,30200141831,D_30200141831,123001.SZ,432,111897,SZDDF0_0302_SZ_573826,,开仓,买入,330,149.531000,0,0.000000,未成交
133230000,,30200141831,D_30200141831,123001.SZ,432,111897,SZDDF0_0302_SZ_575773,,开仓,买入,330,149.531000,0,0.000000,未成交
133230000,,30200141831,D_30200141831,123001.SZ,432,111897,SZDDF0_0302_SZ_573826,,开仓,买入,330,149.531000,0,0.000000,已撤单
133535000,,30200141831,D_30200141831,113520.SH,433,111898,SZDDF0_0302_SH_583013,,开仓,买入,190,129.250000,0,0.000000,未成交
133535000,,30200141831,D_30200141831,113520.SH,433,111898,SZDDF0_0302_SH_583013,,开仓,买入,190,129.250000,20,129.250000,部分成交
133535000,,30200141831,D_30200141831,113520.SH,433,111898,SZDDF0_0302_SH_583013,,开仓,买入,190,129.250000,30,129.250000,部分成交
133535000,,30200141831,D_30200141831,113520.SH,433,111898,SZDDF0_0302_SH_584395,,开仓,买入,190,129.250000,0,0.000000,未成交
133535000,,30200141831,D_30200141831,113520.SH,433,111898,SZDDF0_0302_SH_583013,,开仓,买入,190,129.250000,30,129.250000,已撤单
133602000,,30200141831,D_30200141831,113520.SH,434,111899,SZDDF0_0302_SH_584529,,开仓,买入,160,129.280000,0,0.000000,未成交
133602000,,30200141831,D_30200141831,113520.SH,434,111899,SZDDF0_0302_SH_586361,,开仓,买入,160,129.280000,0,0.000000,未成交
133602000,,30200141831,D_30200141831,113520.SH,434,111899,SZDDF0_0302_SH_584529,,开仓,买入,160,129.280000,0,0.000000,已撤单
133918000,,30200141831,D_30200141831,123001.SZ,435,111900,SZDDF0_0302_SZ_596274,,开仓,买入,330,150.227000,0,0.000000,未成交
133918000,,30200141831,D_30200141831,123001.SZ,435,111900,SZDDF0_0302_SZ_596274,,开仓,买入,330,150.227000,50,150.227000,部分成交
133926000,,30200141831,D_30200141831,113520.SH,436,111901,SZDDF0_0302_SH_596674,,开仓,买入,160,129.800000,0,0.000000,未成交
133926000,,30200141831,D_30200141831,113520.SH,436,111901,SZDDF0_0302_SH_597318,,开仓,买入,160,129.800000,0,0.000000,未成交
133926000,,30200141831,D_30200141831,113520.SH,436,111901,SZDDF0_0302_SH_596674,,开仓,买入,160,129.800000,0,0.000000,已撤单
133918000,,30200141831,D_30200141831,123001.SZ,435,111900,SZDDF0_0302_SZ_598693,,开仓,买入,330,150.227000,0,0.000000,未成交
133918000,,30200141831,D_30200141831,123001.SZ,435,111900,SZDDF0_0302_SZ_596274,,开仓,买入,330,150.227000,50,150.227000,已撤单
134009000,,30200141831,D_30200141831,123001.SZ,437,111902,SZDDF0_0302_SZ_598770,,平仓,卖出,50,150.981000,0,0.000000,未成交
134014000,,30200141831,D_30200141831,113520.SH,438,111903,SZDDF0_0302_SH_598952,,平仓,卖出,30,130.650000,0,0.000000,未成交
134009000,,30200141831,D_30200141831,123001.SZ,437,111902,SZDDF0_0302_SZ_599400,,平仓,卖出,50,150.981000,0,0.000000,未成交
134009000,,30200141831,D_30200141831,123001.SZ,437,111902,SZDDF0_0302_SZ_598770,,平仓,卖出,50,150.981000,0,0.000000,已撤单
134014000,,30200141831,D_30200141831,113520.SH,438,111903,SZDDF0_0302_SH_599446,,平仓,卖出,30,130.650000,0,0.000000,未成交
134014000,,30200141831,D_30200141831,113520.SH,438,111903,SZDDF0_0302_SH_598952,,平仓,卖出,30,130.650000,0,0.000000,已撤单
134024000,,30200141831,D_30200141831,123001.SZ,439,111904,SZDDF0_0302_SZ_599452,,平仓,卖出,50,150.748000,0,0.000000,未成交
134024000,,30200141831,D_30200141831,123001.SZ,439,111904,SZDDF0_0302_SZ_599452,,平仓,卖出,50,150.748000,50,150.748000,已成
134053000,,30200141831,D_30200141831,113520.SH,440,111905,SZDDF0_0302_SH_600634,,开仓,买入,160,130.150000,0,0.000000,未成交
134053000,,30200141831,D_30200141831,113520.SH,440,111905,SZDDF0_0302_SH_601028,,开仓,买入,160,130.150000,0,0.000000,未成交
134053000,,30200141831,D_30200141831,113520.SH,440,111905,SZDDF0_0302_SH_600634,,开仓,买入,160,130.150000,0,0.000000,已撤单
134102000,,30200141831,D_30200141831,113520.SH,441,111906,SZDDF0_0302_SH_601095,,开仓,买入,160,130.290000,0,0.000000,未成交
134102000,,30200141831,D_30200141831,113520.SH,441,111906,SZDDF0_0302_SH_601095,,开仓,买入,160,130.290000,150,130.290000,部分成交
134102000,,30200141831,D_30200141831,113520.SH,441,111906,SZDDF0_0302_SH_602756,,开仓,买入,160,130.290000,0,0.000000,未成交
134102000,,30200141831,D_30200141831,113520.SH,441,111906,SZDDF0_0302_SH_601095,,开仓,买入,160,130.290000,150,130.290000,已撤单
134120000,,30200141831,D_30200141831,113520.SH,442,111907,SZDDF0_0302_SH_602978,,开仓,买入,10,130.360000,0,0.000000,未成交
134120000,,30200141831,D_30200141831,113520.SH,442,111907,SZDDF0_0302_SH_602978,,开仓,买入,10,130.360000,10,130.360000,已成
134712000,,30200141831,D_30200141831,128027.SZ,443,111908,SZDDF0_0302_SZ_619771,,开仓,买入,340,146.630000,0,0.000000,未成交
134712000,,30200141831,D_30200141831,128027.SZ,443,111908,SZDDF0_0302_SZ_622099,,开仓,买入,340,146.630000,0,0.000000,未成交
134712000,,30200141831,D_30200141831,128027.SZ,443,111908,SZDDF0_0302_SZ_619771,,开仓,买入,340,146.630000,0,0.000000,已撤单
134930000,,30200141831,D_30200141831,128027.SZ,444,111909,SZDDF0_0302_SZ_625177,,开仓,买入,340,145.957000,0,0.000000,未成交
134930000,,30200141831,D_30200141831,128027.SZ,444,111909,SZDDF0_0302_SZ_625695,,开仓,买入,340,145.957000,0,0.000000,未成交
134930000,,30200141831,D_30200141831,128027.SZ,444,111909,SZDDF0_0302_SZ_625177,,开仓,买入,340,145.957000,0,0.000000,已撤单
134945000,,30200141831,D_30200141831,128027.SZ,445,111910,SZDDF0_0302_SZ_625847,,开仓,买入,340,146.193000,0,0.000000,未成交
134945000,,30200141831,D_30200141831,128027.SZ,445,111910,SZDDF0_0302_SZ_626884,,开仓,买入,340,146.193000,0,0.000000,未成交
134945000,,30200141831,D_30200141831,128027.SZ,445,111910,SZDDF0_0302_SZ_625847,,开仓,买入,340,146.193000,0,0.000000,已撤单
135424000,,30200141831,D_30200141831,128027.SZ,446,111911,SZDDF0_0302_SZ_640228,,开仓,买入,340,146.294000,0,0.000000,未成交
135424000,,30200141831,D_30200141831,128027.SZ,446,111911,SZDDF0_0302_SZ_640228,,开仓,买入,340,146.294000,10,146.294000,部分成交
135424000,,30200141831,D_30200141831,128027.SZ,446,111911,SZDDF0_0302_SZ_640228,,开仓,买入,340,146.294000,340,146.294000,已成
135502000,,30200141831,D_30200141831,113523.SH,447,111912,SZDDF0_0302_SH_644131,,开仓,买入,140,124.230000,0,0.000000,未成交
135639000,,30200141831,D_30200141831,128027.SZ,448,111913,SZDDF0_0302_SZ_645768,,平仓,卖出,340,146.758000,0,0.000000,未成交
135639000,,30200141831,D_30200141831,128027.SZ,448,111913,SZDDF0_0302_SZ_646268,,平仓,卖出,340,146.758000,0,0.000000,未成交
135639000,,30200141831,D_30200141831,128027.SZ,448,111913,SZDDF0_0302_SZ_645768,,平仓,卖出,340,146.758000,0,0.000000,已撤单
135657000,,30200141831,D_30200141831,128027.SZ,449,111916,SZDDF0_0302_SZ_646310,,平仓,卖出,340,146.690000,0,0.000000,未成交
135657000,,30200141831,D_30200141831,128027.SZ,449,111916,SZDDF0_0302_SZ_646310,,平仓,卖出,340,146.690000,100,146.690000,部分成交
135657000,,30200141831,D_30200141831,128027.SZ,449,111916,SZDDF0_0302_SZ_646310,,平仓,卖出,340,146.690000,200,146.690000,部分成交
135657000,,30200141831,D_30200141831,128027.SZ,449,111916,SZDDF0_0302_SZ_646310,,平仓,卖出,340,146.690000,310,146.690000,部分成交
135657000,,30200141831,D_30200141831,128027.SZ,449,111916,SZDDF0_0302_SZ_646310,,平仓,卖出,340,146.690000,340,146.690000,已成
135502000,,30200141831,D_30200141831,113523.SH,447,111912,SZDDF0_0302_SH_651809,,开仓,买入,140,124.230000,0,0.000000,未成交
135502000,,30200141831,D_30200141831,113523.SH,447,111912,SZDDF0_0302_SH_644131,,开仓,买入,140,124.230000,0,0.000000,已撤单
140744000,,30200141831,D_30200141831,113520.SH,450,111923,SZDDF0_0302_SH_675746,,平仓,卖出,190,129.950000,0,0.000000,未成交
140744000,,30200141831,D_30200141831,113520.SH,450,111923,SZDDF0_0302_SH_677154,,平仓,卖出,190,129.950000,0,0.000000,未成交
140744000,,30200141831,D_30200141831,113520.SH,450,111923,SZDDF0_0302_SH_675746,,平仓,卖出,190,129.950000,0,0.000000,已撤单
140905000,,30200141831,D_30200141831,113520.SH,451,111924,SZDDF0_0302_SH_679661,,平仓,卖出,190,129.810000,0,0.000000,未成交
140905000,,30200141831,D_30200141831,113520.SH,451,111924,SZDDF0_0302_SH_681962,,平仓,卖出,190,129.810000,0,0.000000,未成交
140905000,,30200141831,D_30200141831,113520.SH,451,111924,SZDDF0_0302_SH_679661,,平仓,卖出,190,129.810000,0,0.000000,已撤单
140947000,,30200141831,D_30200141831,113520.SH,452,111925,SZDDF0_0302_SH_682126,,平仓,卖出,190,129.740000,0,0.000000,未成交
140947000,,30200141831,D_30200141831,113520.SH,452,111925,SZDDF0_0302_SH_689421,,平仓,卖出,190,129.740000,0,0.000000,未成交
140947000,,30200141831,D_30200141831,113520.SH,452,111925,SZDDF0_0302_SH_682126,,平仓,卖出,190,129.740000,0,0.000000,已撤单
141320000,,30200141831,D_30200141831,113520.SH,453,111926,SZDDF0_0302_SH_694634,,平仓,卖出,190,129.390000,0,0.000000,未成交
141320000,,30200141831,D_30200141831,113520.SH,453,111926,SZDDF0_0302_SH_698555,,平仓,卖出,190,129.390000,0,0.000000,未成交
141320000,,30200141831,D_30200141831,113520.SH,453,111926,SZDDF0_0302_SH_694634,,平仓,卖出,190,129.390000,0,0.000000,已撤单
141426000,,30200141831,D_30200141831,113520.SH,454,111927,SZDDF0_0302_SH_698614,,平仓,卖出,190,129.320000,0,0.000000,未成交
141426000,,30200141831,D_30200141831,113520.SH,454,111927,SZDDF0_0302_SH_698614,,平仓,卖出,190,129.320000,190,129.320000,已成
142415000,,30200141831,D_30200141831,128027.SZ,455,111928,SZDDF0_0302_SZ_717426,,开仓,买入,340,146.899000,0,0.000000,未成交
142415000,,30200141831,D_30200141831,128027.SZ,455,111928,SZDDF0_0302_SZ_717630,,开仓,买入,340,146.899000,0,0.000000,未成交
142415000,,30200141831,D_30200141831,128027.SZ,455,111928,SZDDF0_0302_SZ_717426,,开仓,买入,340,146.899000,0,0.000000,已撤单
142629000,,30200141831,D_30200141831,113520.SH,456,111929,SZDDF0_0302_SH_722309,,开仓,买入,190,128.900000,0,0.000000,未成交
142629000,,30200141831,D_30200141831,113520.SH,456,111929,SZDDF0_0302_SH_723511,,开仓,买入,190,128.900000,0,0.000000,未成交
142629000,,30200141831,D_30200141831,113520.SH,456,111929,SZDDF0_0302_SH_722309,,开仓,买入,190,128.900000,0,0.000000,已撤单
143044000,,30200141831,D_30200141831,113520.SH,457,111930,SZDDF0_0302_SH_729925,,开仓,买入,190,128.760000,0,0.000000,未成交
143044000,,30200141831,D_30200141831,113520.SH,457,111930,SZDDF0_0302_SH_730760,,开仓,买入,190,128.760000,0,0.000000,未成交
143044000,,30200141831,D_30200141831,113520.SH,457,111930,SZDDF0_0302_SH_729925,,开仓,买入,190,128.760000,0,0.000000,已撤单
143359000,,30200141831,D_30200141831,113523.SH,458,111931,SZDDF0_0302_SH_738775,,开仓,买入,140,124.230000,0,0.000000,未成交
143359000,,30200141831,D_30200141831,113523.SH,458,111931,SZDDF0_0302_SH_739644,,开仓,买入,140,124.230000,0,0.000000,未成交
143359000,,30200141831,D_30200141831,113523.SH,458,111931,SZDDF0_0302_SH_738775,,开仓,买入,140,124.230000,0,0.000000,已撤单
143423000,,30200141831,D_30200141831,113523.SH,459,111932,SZDDF0_0302_SH_739789,,开仓,买入,140,124.290000,0,0.000000,未成交
143423000,,30200141831,D_30200141831,113523.SH,459,111932,SZDDF0_0302_SH_741385,,开仓,买入,140,124.290000,0,0.000000,未成交
143423000,,30200141831,D_30200141831,113523.SH,459,111932,SZDDF0_0302_SH_739789,,开仓,买入,140,124.290000,0,0.000000,已撤单
143450000,,30200141831,D_30200141831,113523.SH,460,111933,SZDDF0_0302_SH_741445,,开仓,买入,140,124.580000,0,0.000000,未成交
143450000,,30200141831,D_30200141831,113523.SH,460,111933,SZDDF0_0302_SH_741445,,开仓,买入,140,124.580000,140,124.500000,已成
144345000,,30200141831,D_30200141831,123001.SZ,461,111934,SZDDF0_0302_SZ_764939,,开仓,买入,330,149.299000,0,0.000000,未成交
144345000,,30200141831,D_30200141831,123001.SZ,461,111934,SZDDF0_0302_SZ_765447,,开仓,买入,330,149.299000,0,0.000000,未成交
144345000,,30200141831,D_30200141831,123001.SZ,461,111934,SZDDF0_0302_SZ_764939,,开仓,买入,330,149.299000,0,0.000000,已撤单
145550000,,30200141831,D_30200141831,113520.SH,462,111935,,,开仓,买入,190,128.340000,0,0.000000,拒绝
145553000,,30200141831,D_30200141831,113520.SH,463,111936,,,开仓,买入,190,128.340000,0,0.000000,拒绝
,20190920,30200141831,D_30200141831,113523.SH,464,464,,,平仓,卖出,140,124.500000,140,124.500000,已成
,20190920,30200141831,D_30200141831,603568.SH,465,465,,,开仓,买入,801,21.760300,801,21.760300,已成
